"","Var.1","id","01.01.2016","01.02.2016","01.03.2016","01.04.2016","01.05.2016","01.06.2016","01.07.2016","01.08.2016","01.09.2016","01.10.2016","01.11.2016","01.12.2016","01.01.2017","01.02.2017","01.03.2017","01.04.2017","01.05.2017","01.06.2017","01.07.2017","01.08.2017","01.09.2017","01.10.2017","01.11.2017","01.12.2017","01.01.2018","01.02.2018","01.03.2018","01.04.2018","01.05.2018","01.06.2018","01.07.2018","01.08.2018","01.09.2018","01.10.2018","01.11.2018","01.12.2018","01.01.2019","01.02.2019","01.03.2019","01.04.2019","01.05.2019","01.06.2019","01.07.2019","01.08.2019","01.09.2019","01.10.2019","01.11.2019","01.12.2019","01.01.2020","01.02.2020","01.03.2020","01.04.2020","01.05.2020","01.06.2020","01.07.2020","01.08.2020","01.09.2020","01.10.2020","01.11.2020","01.12.2020","01.01.2021","01.02.2021","01.03.2021","01.04.2021","01.05.2021","01.06.2021","01.07.2021","01.08.2021","01.09.2021","01.10.2021","01.11.2021","01.12.2021","01.01.2022","01.02.2022","01.03.2022","01.04.2022","01.05.2022","01.06.2022","01.07.2022","01.08.2022","01.09.2022","01.10.2022","01.11.2022","01.12.2022","01.01.2023","01.02.2023","01.03.2023","01.04.2023","01.05.2023","01.06.2023","01.07.2023","01.08.2023","Zero.Forecast.Flag","Negative.Forecast.Flag","Mean","Same_Forecast_flag"
"1",1,"5HTP",108,157,151,136,113,221,159,139,112,142,135,183,196,69,180,130,194,169,120,243,145,130,128,107,127,126,129,125,110,121,84,94,82,100,157,71,122,68,102,87,101,91,81,89,108,124,64,100,111,63,129,198,45,126,126,117,122,127,47,105,138,137,177,119,219,264,144,199,77,129,264,132,155,105,153,151,151,154,151,154,150,150,152,150,151,150,153,151,152,154,150,153,0,0,151.666666666667,0
"2",2,"5HTP1",276,161,358,259,286,248,223,251,263,227,277,226,296,196,257,244,312,311,216,239,237,248,226,315,196,269,219,293,182,243,172,285,155,204,327,127,200,164,255,228,178,187,228,189,151,244,137,185,244,170,385,253,200,255,235,200,268,193,176,247,167,203,311,256,263,512,207,209,171,154,562,145,164,162,272,265,225,279,214,231,177,223,271,189,225,181,249,283,217,270,222,240,0,0,235.166666666667,0
"3",3,"ABC",420,714,501,676,553,513,771,948,763,191,1337,612,627,469,731,567,672,624,958,758,657,622,534,614,703,428,882,394,638,366,590,549,328,475,613,422,430,419,673,414,339,379,476,394,424,460,298,411,412,433,791,157,715,515,326,423,461,429,243,698,357,216,749,458,425,950,514,1058,681,0,582,285,0,0,580,278,350,374,475,497,380,310,367,302,214,230,559,227,252,307,468,418,0,0,366,0
"4",4,"ABF",1426,1267,1404,1107,1126,1589,1337,1328,1597,1985,1369,1106,2080,1265,1462,1302,1396,1404,1872,1131,992,1562,1027,781,1134,1143,961,657,969,796,975,793,662,986,869,595,787,612,228,1096,579,611,675,738,802,721,761,552,837,501,1450,978,548,726,662,762,908,561,723,895,138,632,77,898,364,1200,0,582,421,176,605,651,0,0,-172,190,262,467,30,591,174,188,596,369,80,47,-126,181,262,379,30,600,0,1,230.444444444444,0
"5",5,"ABT",390,416,238,272,269,343,294,324,258,240,276,185,416,150,310,340,190,271,290,305,276,317,260,198,241,263,245,187,245,157,280,245,199,234,444,103,353,137,292,205,233,147,229,246,228,274,227,197,277,241,302,346,152,167,330,198,195,269,108,265,165,173,130,293,184,358,216,173,186,185,324,169,230,86,199,191,183,169,217,202,171,197,236,97,233,165,184,142,197,133,201,197,0,0,184.111111111111,0
"6",6,"ACU",0,0,0,0,0,0,0,0,0,0,0,0,0,0,0,0,0,0,0,0,0,0,0,0,0,0,0,0,0,0,0,0,51,187,160,74,141,93,133,176,130,104,142,131,142,154,140,278,168,128,193,63,53,100,120,114,84,114,80,88,105,138,112,107,98,190,142,94,98,102,136,47,96,49,70,70,70,70,70,70,70,70,70,70,70,70,70,70,70,70,70,70,0,0,70,1
"7",7,"ADN",106,168,77,175,105,137,92,111,111,88,126,133,112,85,89,95,112,98,99,100,93,96,71,43,64,50,66,62,89,13,94,61,33,78,56,39,40,56,65,66,73,104,157,78,128,177,92,89,175,103,163,131,61,168,92,116,148,110,148,72,91,55,70,77,43,120,54,61,65,33,74,34,73,24,26,30,36,39,22,31,31,24,41,24,38,26,29,31,36,39,25,32,0,0,31.1111111111111,0
"8",8,"ADR",148,308,75,232,128,326,267,243,208,542,150,185,518,539,451,373,107,159,361,264,341,398,395,103,168,277,392,145,105,189,244,198,249,124,291,94,452,91,138,104,89,144,230,178,129,240,169,166,298,180,495,114,477,275,381,321,326,382,407,269,334,332,319,304,235,570,423,200,225,228,584,245,153,97,265,265,265,265,265,265,265,265,265,265,265,265,265,265,265,265,265,265,0,0,265,1
"9",9,"ALC9",162,131,134,137,200,139,135,211,114,130,117,112,142,95,138,89,107,119,95,169,99,105,106,117,128,108,105,102,101,122,141,96,156,135,153,96,111,112,116,154,152,126,195,117,106,171,176,124,129,91,183,97,131,145,49,125,103,119,159,69,103,63,142,106,84,228,154,86,121,78,134,78,51,99,111,103,109,110,112,114,109,109,117,103,110,103,110,105,115,115,110,112,0,0,109.833333333333,0
"10",10,"ALP",131,112,115,103,115,118,100,77,149,140,37,0,0,0,319,65,108,103,88,64,182,106,74,53,96,78,115,75,61,57,69,84,67,66,100,67,126,55,42,72,47,49,72,61,40,42,69,35,94,73,133,87,101,90,58,91,160,109,83,31,38,56,69,72,113,106,64,74,0,0,0,0,0,0,79,50,57,59,63,58,51,31,36,3,48,26,42,43,43,53,76,64,0,0,49,0
"11",11,"ARG",126,175,98,104,86,93,55,91,96,84,33,104,147,65,77,74,94,72,25,159,85,50,83,46,101,91,58,68,35,58,77,91,111,94,99,55,144,45,58,81,70,79,49,51,63,81,93,64,91,59,99,54,79,76,72,64,56,68,52,83,76,93,77,85,101,154,103,55,30,68,194,71,8,100,101,23,84,46,29,91,21,31,116,43,86,40,35,23,77,46,29,101,0,0,56.7777777777778,0
"12",12,"ART",45,16,40,40,32,26,30,42,38,23,23,30,17,51,68,42,34,28,79,25,34,30,19,32,63,21,28,31,15,29,64,21,40,37,45,19,52,40,16,44,32,36,69,27,22,28,17,73,47,49,36,46,49,36,40,42,49,15,65,32,26,31,34,33,36,90,28,27,33,28,0,0,0,0,35,35,35,35,35,35,35,35,35,35,35,35,35,35,35,35,35,35,0,0,35,1
"13",13,"ASW",112,115,140,133,155,138,58,145,115,141,114,119,94,64,187,136,143,136,127,162,81,189,105,71,108,127,93,171,103,203,170,119,130,142,140,109,143,105,140,138,187,154,171,160,105,170,160,169,221,94,125,275,170,101,155,136,159,169,164,193,172,67,245,223,196,334,219,151,240,236,280,168,176,123,204,217,214,245,224,202,184,228,216,190,221,174,209,211,228,274,259,217,0,0,217.611111111111,0
"14",14,"BEN",138,85,75,82,90,153,74,103,85,110,54,80,81,71,68,92,122,149,70,135,76,107,92,56,109,82,89,82,77,80,120,54,60,76,84,49,63,104,49,93,105,46,79,52,58,48,83,52,134,89,70,212,46,180,157,113,81,174,39,253,179,113,177,135,193,478,175,136,201,151,536,209,185,153,287,270,240,240,240,240,240,240,240,240,240,240,240,240,240,240,240,240,0,0,244.277777777778,0
"15",15,"BER",437,327,380,391,533,302,446,270,437,340,384,438,309,336,411,260,513,376,350,499,449,169,360,212,279,132,190,234,251,252,208,115,165,190,143,252,241,156,162,268,266,345,283,189,234,255,261,179,261,170,336,341,283,229,237,246,287,141,382,278,276,254,321,410,305,814,424,294,365,294,806,285,335,235,234,241,262,239,239,234,241,233,262,233,241,241,241,241,262,239,239,234,0,0,242,0
"16",16,"BHC",151,133,97,131,117,64,118,134,109,111,121,118,124,115,121,132,133,152,184,145,127,195,163,84,138,84,94,103,108,96,62,80,65,135,139,102,148,81,76,124,79,102,100,85,99,94,54,69,144,108,154,223,115,142,73,136,155,122,90,77,143,52,239,147,237,340,170,88,251,97,438,117,257,157,155,140,94,151,154,155,179,74,355,105,71,166,166,140,178,156,154,155,0,0,152.666666666667,0
"17",17,"BQI",9,6,16,16,9,28,13,21,23,20,9,80,18,29,14,27,16,38,23,30,9,11,19,18,19,15,25,16,29,17,19,9,21,15,42,11,27,8,20,21,6,15,21,23,17,20,27,24,27,20,100,104,43,44,37,68,42,74,50,44,101,32,56,47,37,42,72,97,37,203,0,0,0,0,0,22,0,0,22,9,0,104,0,0,0,0,0,0,0,0,0,9,0,0,9.22222222222222,0
"18",18,"BRG",116,40,113,20,120,112,28,132,86,20,110,78,49,32,77,68,22,95,61,62,38,82,78,33,19,24,41,20,71,11,17,30,29,33,14,18,30,7,24,21,11,26,36,20,16,12,12,25,18,22,37,12,38,14,16,12,18,8,22,8,21,16,11,29,2,86,24,14,6,6,24,4,12,12,9,23,15,13,20,18,9,6,9,10,16,12,3,20,17,16,19,15,0,0,13.8888888888889,0
"19",19,"BTN",253,192,258,191,213,211,200,226,218,257,296,189,251,126,199,180,233,199,180,179,174,150,175,121,136,173,130,145,144,142,210,193,122,108,162,87,290,102,127,157,144,137,115,123,235,121,127,95,177,115,177,208,164,168,186,171,131,195,148,161,118,169,154,233,156,326,176,153,164,196,408,141,159,323,201,226,226,226,226,226,226,226,226,226,226,226,226,226,226,226,226,226,0,0,224.611111111111,0
"20",20,"CAL",161,181,115,120,116,113,138,166,136,107,190,77,132,91,121,135,90,121,121,156,137,134,73,82,149,75,78,138,87,90,96,63,115,90,101,64,151,39,68,72,110,79,120,97,94,38,176,84,97,46,115,135,61,108,106,93,94,112,105,51,152,87,148,82,98,156,89,130,156,117,190,71,83,90,127,112,112,112,112,112,112,112,112,112,112,112,112,112,112,112,112,112,0,0,112.833333333333,0
"21",21,"CAR",69,72,71,18,78,25,71,22,64,28,50,49,39,54,22,63,31,24,62,49,32,39,56,12,32,47,28,79,41,11,46,5,23,19,38,19,14,13,20,17,41,22,12,27,6,15,31,22,13,21,18,97,16,22,11,21,20,28,47,48,-58,27,56,16,34,62,42,17,20,17,44,12,5,5,22,18,17,17,16,16,15,15,15,14,14,13,13,12,12,11,11,10,0,0,14.5,0
"22",22,"CCM",28,64,63,29,44,56,58,73,39,38,51,97,76,51,49,36,64,102,83,49,6,121,42,129,128,9,0,153,65,102,43,50,56,64,111,53,62,56,77,102,18,67,102,47,57,68,68,46,81,86,157,93,56,51,91,90,73,104,76,99,122,84,86,88,109,134,60,74,41,51,170,39,92,102,83,82,86,80,80,84,76,81,82,79,85,76,76,79,82,78,78,78,0,0,80.2777777777778,0
"23",23,"CDG",67,56,45,67,50,55,38,79,62,51,72,94,63,42,39,77,51,51,47,115,51,36,51,29,26,27,68,66,77,23,63,98,28,113,46,27,50,33,95,41,34,42,41,47,50,101,34,56,49,116,51,74,56,54,35,67,43,0,0,0,302,0,131,75,155,122,89,65,47,57,406,35,36,44,65,65,65,65,65,65,65,65,65,65,65,65,65,65,65,65,65,65,0,0,65,1
"24",24,"CHR",153,125,192,154,211,138,173,148,82,170,172,55,201,101,162,188,239,126,122,208,199,92,143,73,208,143,120,0,292,77,100,184,247,300,106,76,198,113,216,169,129,281,237,118,147,183,89,91,186,168,203,144,132,181,133,180,210,176,207,149,85,145,246,179,168,548,161,150,173,128,414,117,139,103,158,136,226,269,132,221,141,138,318,90,130,113,139,147,322,269,118,157,0,0,179.111111111111,0
"25",25,"CP0201",68,51,63,44,19,58,27,11,24,11,47,22,14,23,12,18,44,17,26,42,56,23,22,33,50,47,52,2,85,72,29,65,64,40,70,33,52,57,61,67,73,40,31,64,45,61,41,39,46,7,0,109,30,91,51,38,65,41,45,65,38,37,50,35,45,102,61,23,88,41,132,45,38,18,59,50,78,69,47,66,70,56,70,48,66,51,68,42,99,62,46,82,0,0,62.7222222222222,0
"26",26,"CP1092",547,396,386,341,402,589,131,485,531,313,312,402,369,444,401,498,375,361,532,433,212,422,382,432,338,256,459,287,291,264,158,278,211,395,284,259,384,201,283,372,206,327,309,202,342,284,263,350,291,300,446,311,228,414,227,335,371,188,313,289,254,385,223,231,281,524,259,269,303,186,592,140,471,72,287,274,285,284,278,299,286,301,307,299,312,302,311,314,323,317,312,315,0,0,300.333333333333,0
"27",27,"CP1112",227,134,218,115,144,108,126,170,101,101,139,111,137,138,125,74,139,63,81,74,82,88,76,97,71,109,100,87,63,64,86,68,108,37,96,73,129,84,71,119,102,148,96,92,59,92,106,69,78,109,52,78,77,85,130,112,79,86,85,64,73,102,92,107,87,180,70,57,58,52,102,96,49,41,64,74,69,91,65,56,52,45,72,51,84,67,38,74,58,97,53,37,0,0,63.7222222222222,0
"28",28,"CP1125",82,121,99,121,133,95,96,115,54,115,41,95,47,106,82,42,112,52,35,67,18,11,77,28,43,54,32,82,28,31,29,16,11,26,9,10,22,35,22,11,18,34,11,21,15,33,12,24,29,32,1,8,64,23,34,41,24,10,35,18,7,28,19,23,13,88,9,19,9,11,84,22,6,3,23,15,14,13,12,10,9,8,7,6,4,3,2,1,-1,-2,-3,-4,0,1,6.5,0
"29",29,"CP1180",194,258,180,171,315,289,141,237,173,247,157,171,288,179,229,136,263,215,110,213,208,152,191,174,212,128,242,182,126,136,115,179,148,163,179,163,155,121,201,196,107,122,123,171,168,119,116,129,156,106,167,354,122,84,117,152,144,126,143,154,105,139,103,64,115,144,525,83,628,453,2116,292,31,90,555,556,555,564,557,558,561,558,567,509,489,490,473,465,466,466,465,465,0,0,517.722222222222,0
"30",30,"CP1181",576,330,781,549,584,487,472,480,473,407,466,416,575,306,704,250,530,485,559,676,366,510,472,310,498,351,480,411,397,229,364,252,262,244,340,196,256,212,338,344,290,239,246,281,294,273,158,297,225,212,361,145,202,251,314,355,245,320,232,235,256,253,307,261,244,588,249,223,235,291,668,186,343,192,348,289,312,303,306,305,306,305,306,305,305,305,305,305,305,305,305,305,0,0,306.944444444444,0
"31",31,"CP1185",202,200,286,190,167,246,262,289,227,215,179,192,292,237,214,228,273,285,282,393,167,240,217,287,304,192,308,215,146,214,158,216,141,199,163,117,200,133,238,159,173,181,209,146,197,202,201,115,187,168,291,208,187,178,285,189,235,269,123,197,199,165,224,196,257,322,270,154,213,149,398,191,159,112,224,210,211,219,225,222,218,223,225,215,219,215,230,218,222,226,228,224,0,0,220.777777777778,0
"32",32,"CP1291",31,32,44,28,35,62,67,70,34,52,32,34,65,83,38,36,87,35,64,65,36,69,25,28,52,85,40,71,90,63,23,50,43,51,53,18,94,51,53,62,84,98,43,103,77,68,119,75,102,63,235,167,0,277,92,77,142,111,89,156,98,168,176,78,154,8,257,244,83,147,300,141,168,113,145,144,144,144,144,144,144,144,144,140,141,139,135,134,134,134,133,133,0,0,140,0
"33",33,"CP1480",51,109,128,92,55,91,94,89,107,50,101,139,75,0,138,69,106,62,82,122,99,67,117,41,78,155,14,84,108,94,115,29,142,89,71,71,46,78,98,161,90,50,111,103,52,124,53,54,53,114,162,164,168,146,134,143,151,122,29,33,203,242,93,82,119,224,96,155,220,11,0,0,0,497,454,454,454,454,454,454,454,454,454,454,454,454,454,454,454,454,454,454,0,0,454,1
"34",34,"CP1491",148,107,85,106,108,115,112,102,172,93,144,71,142,27,174,123,137,36,62,128,81,36,153,130,76,61,141,133,61,110,39,184,113,178,92,132,67,89,102,116,81,99,58,99,127,120,119,89,270,153,553,269,143,138,137,103,122,74,245,112,112,94,131,69,85,194,82,96,66,48,258,93,28,249,129,34,234,97,35,179,30,35,261,28,228,97,117,34,220,21,35,185,0,0,111.055555555556,0
"35",35,"CP1610",75,67,94,80,69,80,88,111,37,91,103,57,95,66,79,56,105,95,59,179,36,0,0,209,24,57,80,36,61,58,40,141,34,62,43,24,39,36,39,36,35,48,48,22,62,65,23,37,113,48,94,63,78,68,119,52,125,83,83,0,130,81,105,53,65,168,143,102,69,47,146,66,51,60,72,72,72,72,72,72,72,72,72,72,72,72,72,72,72,72,72,72,0,0,72,1
"36",36,"CP1625",33,109,81,76,29,69,57,41,22,33,21,91,37,95,121,25,61,48,69,60,92,51,59,35,23,133,13,78,46,101,82,62,95,72,107,56,62,80,78,84,135,47,154,82,87,245,55,38,115,76,110,48,132,79,80,81,175,136,57,67,131,159,119,155,58,284,99,89,136,2,0,0,308,60,58,90,110,241,81,99,141,68,5,29,290,110,110,97,110,241,87,104,0,0,115.055555555556,0
"37",37,"CP1660",115,83,110,104,74,97,75,178,116,93,96,52,113,23,203,71,0,197,134,7,0,178,68,101,138,102,173,56,39,132,64,66,94,100,98,83,68,77,103,88,108,64,134,76,93,183,121,81,170,92,242,119,136,124,121,115,176,172,91,281,159,78,163,120,214,236,143,106,158,109,350,22,7,275,156,91,168,164,133,147,154,145,146,150,148,147,148,148,148,148,148,148,0,0,146.5,0
"38",38,"CP1670",93,123,100,93,93,75,106,109,84,82,88,31,110,73,168,100,-5,0,227,90,87,29,29,71,40,28,103,87,160,134,122,321,114,398,175,59,207,123,89,200,121,74,240,91,122,173,36,99,168,121,172,85,102,300,124,140,169,213,166,0,0,572,121,123,149,432,169,133,230,79,2,0,485,143,183,80,122,198,69,56,135,163,20,6,131,138,183,178,76,190,125,173,0,0,123.666666666667,0
"39",39,"CP1760",141,192,228,211,167,51,130,138,147,141,145,123,144,171,259,120,100,139,131,147,157,227,196,93,234,164,191,223,34,248,98,181,171,260,235,147,226,186,187,266,161,172,254,180,171,231,253,177,269,209,661,975,369,365,569,365,356,330,469,322,471,309,753,182,326,596,247,386,326,270,638,337,213,265,547,184,394,434,257,362,225,211,472,222,255,248,547,182,468,245,211,358,0,0,323.444444444444,0
"40",40,"CP1830",442,684,572,614,539,456,609,562,519,477,492,390,604,426,588,505,420,516,491,469,390,565,473,363,461,324,494,359,304,343,257,359,268,433,453,199,422,374,330,420,334,450,421,431,327,383,360,310,420,350,710,624,346,513,589,530,191,937,455,496,168,0,1466,521,377,1338,535,497,503,466,810,710,720,500,669,642,644,648,645,644,640,650,643,640,642,639,668,639,637,639,611,606,0,0,641.444444444444,0
"41",41,"CP2106",315,293,203,145,227,319,106,216,200,147,255,144,182,196,217,160,167,96,246,116,241,135,172,98,237,89,110,197,207,210,127,152,243,172,166,93,273,159,173,136,164,155,141,161,146,240,171,100,229,133,152,117,66,147,111,106,140,142,103,101,95,27,234,126,67,196,73,119,219,153,152,70,165,74,108,96,107,120,90,93,142,129,104,28,168,89,68,84,104,87,86,79,0,0,99,0
"42",42,"CP2110",87,103,119,68,65,86,67,105,86,129,62,38,142,58,90,80,82,99,85,88,58,60,120,65,108,72,68,76,90,46,87,55,70,51,105,28,87,65,80,93,75,85,70,54,33,50,57,81,62,36,26,120,73,74,49,47,124,102,81,68,0,0,215,77,40,122,54,55,44,78,140,22,0,0,76,64,57,68,64,53,46,52,82,41,51,34,61,52,56,63,73,50,0,0,57.9444444444444,0
"43",43,"CP2130",88,224,137,125,120,1,258,105,115,92,121,98,178,87,157,110,176,87,156,165,91,111,117,108,153,109,83,68,106,86,105,103,87,90,190,62,152,129,126,94,105,75,131,99,117,148,83,115,139,111,174,164,116,183,187,198,189,157,200,125,231,118,162,157,195,332,163,127,134,92,306,133,100,192,166,161,162,158,160,158,159,154,165,155,159,157,155,151,155,150,153,155,0,0,157.388888888889,0
"44",44,"CP2510",70,72,58,90,69,96,92,88,79,77,110,79,106,64,60,70,99,48,75,24,64,46,78,52,41,36,38,63,36,70,32,51,36,48,39,84,53,37,48,45,84,66,33,64,42,128,43,75,215,83,16,146,32,31,52,15,31,57,44,65,34,83,0,64,0,0,141,42,61,73,112,35,-1,0,39,47,42,50,45,42,45,50,48,48,50,54,54,52,50,51,54,50,0,0,48.3888888888889,0
"45",45,"CP3095",190,109,222,197,156,149,69,216,129,200,141,176,107,269,200,104,185,130,89,161,80,193,151,108,230,131,209,163,127,40,161,176,90,155,165,115,203,151,189,98,115,88,111,131,102,131,108,141,124,132,409,123,307,161,175,222,281,222,199,222,271,225,201,152,160,274,163,232,44,300,310,137,181,97,0,179,185,184,184,184,184,184,184,184,184,184,184,184,184,184,184,184,0,0,173.555555555556,0
"46",46,"CP3203",135,226,234,225,212,200,69,131,109,72,83,108,100,89,119,156,76,49,98,103,70,72,88,61,111,63,108,118,108,84,62,66,146,122,161,54,173,91,119,153,139,98,164,144,125,124,150,118,281,141,215,171,169,227,131,209,193,252,122,93,0,258,112,196,88,406,136,103,151,130,308,96,139,67,163,205,175,198,177,162,168,150,188,109,203,181,142,213,194,190,223,170,0,0,178.388888888889,0
"47",47,"CP3323",115,116,93,192,105,124,96,134,112,106,111,26,0,95,129,133,115,146,112,71,131,149,57,74,123,123,104,118,99,88,120,99,110,132,123,69,195,108,88,147,44,0,0,0,0,305,63,167,153,110,26,-72,154,72,90,78,97,76,41,133,59,96,70,135,87,192,133,80,3,1,0,0,220,34,89,90,82,78,85,81,80,89,83,79,93,81,82,96,89,89,91,92,0,0,86.0555555555556,0
"48",48,"CP3455",99,40,77,68,58,37,51,56,31,43,62,73,130,37,30,51,45,52,70,104,77,23,54,61,44,67,63,73,119,38,43,99,41,54,55,65,58,46,88,116,112,86,86,31,69,94,62,95,68,59,167,80,74,82,107,114,107,126,59,106,174,202,109,106,82,318,148,61,114,77,186,111,108,88,119,118,116,115,114,114,114,113,113,111,113,111,107,106,106,106,105,106,0,0,111.5,0
"49",49,"CP5102",74,66,73,79,98,85,75,64,66,65,61,50,99,97,60,97,59,39,55,97,79,64,110,56,102,63,72,107,44,69,55,54,87,33,70,31,67,50,81,72,45,25,38,82,71,79,87,89,59,93,99,45,0,211,66,72,91,133,66,70,75,51,91,70,53,144,81,97,69,49,150,56,102,74,86,97,64,80,70,94,90,72,101,68,85,79,88,112,73,54,75,107,0,0,83.0555555555556,0
"50",50,"CP5241",88,106,77,132,76,92,119,129,84,129,82,40,154,74,51,121,86,33,117,138,45,83,88,98,53,92,115,66,104,80,44,125,74,79,94,112,154,67,59,115,74,135,72,84,92,121,78,115,110,87,59,100,66,120,77,74,85,64,105,91,91,75,120,103,66,206,99,148,95,81,98,0,166,80,82,104,87,120,83,118,83,98,87,90,115,87,82,98,95,129,73,118,0,0,97.1666666666667,0
"51",51,"CP5504",45,131,71,79,62,1,171,49,92,71,63,91,82,11,0,241,89,3,177,60,50,52,52,63,77,61,127,73,126,90,113,122,54,92,98,106,86,93,72,62,116,87,88,90,76,74,111,64,34,116,108,62,62,83,9,0,0,231,43,0,0,0,301,38,69,134,85,77,83,69,0,171,77,42,100,71,85,76,82,78,81,79,80,79,80,79,80,79,80,79,79,79,0,0,80.3333333333333,0
"52",52,"CP5713",248,152,202,196,147,114,146,210,145,157,130,251,257,318,134,121,233,196,212,142,246,163,257,136,198,214,204,239,122,230,185,196,205,256,156,220,176,166,270,255,208,209,261,179,287,155,211,191,211,165,240,252,237,399,294,253,185,250,155,280,225,245,254,361,134,462,244,237,183,170,564,192,200,151,227,233,229,237,233,241,232,226,224,225,227,226,228,225,235,230,226,220,0,0,229.111111111111,0
"53",53,"CP6221",87,29,135,50,78,121,79,44,43,118,28,191,108,61,112,38,82,158,46,45,78,67,29,115,77,80,76,72,77,98,99,47,38,35,66,43,80,31,81,67,109,25,81,60,31,71,75,76,73,55,98,63,50,107,79,80,65,128,83,19,92,124,201,80,150,172,152,82,42,56,0,200,87,37,122,81,115,104,105,73,60,80,74,113,100,68,118,95,134,83,115,79,0,0,95.5,0
"54",54,"CP6241",192,152,212,321,161,73,0,526,194,192,177,165,287,133,212,208,248,203,211,373,146,159,180,190,274,108,356,186,187,153,159,218,147,208,172,142,207,174,244,148,195,187,158,208,209,191,111,181,258,182,302,335,236,273,266,305,322,158,354,139,0,477,0,0,695,976,646,155,183,160,582,201,225,232,321,248,374,400,343,342,285,284,305,258,317,285,367,232,407,434,392,323,0,0,328.722222222222,0
"55",55,"CP6303",326,185,263,239,374,298,245,290,228,315,328,199,419,269,224,276,264,271,198,365,104,214,215,159,233,236,297,106,251,322,177,301,225,244,330,158,337,259,268,188,375,315,275,297,246,391,227,270,281,311,396,215,404,254,328,287,225,352,327,359,208,160,417,280,222,714,257,256,233,241,428,228,172,255,303,282,256,393,269,271,269,265,312,259,254,280,276,277,277,277,277,277,0,0,281.888888888889,0
"56",56,"CP7072",144,188,64,56,150,78,77,52,80,74,111,209,151,109,92,15,259,103,112,99,74,97,97,43,107,70,63,67,103,47,61,60,124,66,62,53,130,81,121,89,152,50,113,98,67,187,95,64,108,174,103,43,140,142,124,150,131,149,96,162,186,102,58,174,142,370,136,112,151,51,354,123,128,77,147,142,153,145,144,146,144,144,146,143,148,141,138,134,151,139,138,139,0,0,143.444444444444,0
"57",57,"CP7241",299,302,454,351,220,403,230,374,312,352,320,300,584,428,237,457,325,410,348,400,243,301,528,284,314,350,174,309,185,244,332,182,181,369,276,218,257,274,202,336,212,215,244,336,134,383,145,385,400,243,504,338,232,344,472,429,684,422,355,352,293,110,495,323,223,486,245,267,231,242,468,168,198,180,254,190,230,176,176,136,159,191,269,153,354,159,207,191,230,176,164,162,0,0,198.722222222222,0
"58",58,"CP7380",117,101,122,66,114,92,69,96,71,104,103,46,0,0,350,54,53,89,75,120,106,72,82,64,85,58,58,52,50,74,43,86,53,106,65,58,107,96,43,89,68,41,86,60,189,78,46,63,63,53,140,96,45,58,114,94,90,90,60,63,124,49,91,116,90,116,217,119,76,65,192,54,53,9,115,91,80,84,105,95,125,88,82,62,91,73,86,101,86,85,103,89,0,0,91.1666666666667,0
"59",59,"CP8085",219,329,174,273,210,255,209,214,334,258,281,265,244,201,314,379,299,309,284,273,270,396,329,207,309,261,331,341,264,169,133,222,124,366,165,189,177,190,153,163,221,218,152,164,182,254,211,181,258,244,308,246,253,144,307,225,243,235,284,248,230,162,251,209,317,432,321,202,282,154,392,180,150,164,238,236,241,246,241,238,245,245,251,240,242,241,247,245,246,252,250,245,0,0,243.833333333333,0
"60",60,"CP8296",0,0,0,0,0,0,0,0,0,0,0,0,0,0,0,0,0,0,0,0,0,0,0,0,0,0,0,0,0,0,0,0,0,0,0,0,0,0,0,0,0,0,0,0,37,226,51,89,138,147,646,221,131,119,108,107,140,133,116,93,180,96,55,40,97,138,105,134,111,54,154,95,99,83,128,126,125,125,124,124,124,124,124,124,124,123,125,123,123,121,120,114,0,0,123.388888888889,0
"61",61,"CP8571",82,124,59,91,60,72,45,39,75,58,42,52,77,47,48,84,85,82,82,66,61,53,54,58,79,55,59,43,63,54,62,55,93,55,44,37,56,62,85,99,70,65,53,86,74,93,96,88,185,63,37,162,85,105,58,96,93,107,64,0,0,0,0,376,83,180,112,107,89,79,34,0,245,44,74,148,103,117,103,108,105,92,76,61,138,93,81,132,115,123,120,123,0,0,106.222222222222,0
"62",62,"CP8901",83,100,167,58,132,112,132,70,104,112,122,102,125,88,4,230,91,160,91,170,128,128,129,93,131,103,123,165,143,146,120,103,95,72,159,70,132,110,109,86,121,87,109,136,88,168,67,282,85,38,21,211,80,64,87,94,105,105,102,50,0,0,352,71,55,190,130,91,59,90,160,87,53,89,115,116,102,119,102,109,75,101,93,135,73,62,108,101,110,120,99,117,0,0,103.166666666667,0
"63",63,"CP9060",13,40,44,36,19,39,18,42,11,30,22,23,8,20,32,27,12,11,34,8,24,20,4,33,20,16,13,23,7,31,17,4,13,13,18,14,29,6,12,7,18,4,33,6,18,15,7,12,7,9,25,14,20,13,18,21,5,39,4,12,12,16,18,46,9,44,12,28,20,9,50,16,25,16,23,23,23,23,23,23,23,23,23,23,23,23,23,23,23,23,23,23,0,0,23,1
"64",64,"CQ100",122,106,204,161,196,135,152,187,144,148,227,127,226,147,234,163,259,171,178,214,165,30,190,120,257,160,207,129,151,257,123,92,220,123,187,93,124,154,113,122,99,72,153,46,80,174,66,61,82,77,99,82,101,82,107,201,78,83,54,74,109,155,32,106,116,220,66,88,75,69,182,89,104,100,106,106,106,106,106,106,106,106,106,106,106,106,106,106,106,106,106,106,0,0,106,1
"65",65,"CQ300",16,21,34,19,41,36,27,28,31,22,42,35,23,40,34,29,24,64,40,34,46,28,24,24,38,33,0,47,41,21,42,48,19,35,33,23,27,45,17,46,9,35,28,21,21,42,30,29,25,16,51,39,23,25,27,50,60,15,79,30,8,0,96,28,27,72,15,32,41,27,48,14,33,26,33,45,29,46,37,38,34,40,40,31,30,32,24,55,27,47,41,37,0,0,37,0
"66",66,"CQH",66,186,95,118,146,75,86,151,94,67,81,73,76,66,128,92,30,103,108,81,96,73,45,85,88,98,29,97,49,23,106,103,12,94,124,11,144,41,50,130,72,26,144,35,42,123,80,36,89,44,111,55,57,111,47,79,66,73,81,26,48,47,79,17,36,136,50,69,38,40,160,42,46,18,40,77,38,39,93,50,22,69,73,11,54,52,12,89,27,13,119,27,0,0,50.2777777777778,0
"67",67,"CQH1",174,165,221,163,171,161,152,241,198,170,158,212,249,114,277,151,223,181,174,176,150,130,190,170,216,214,120,137,116,185,151,214,77,210,152,97,133,117,122,146,133,163,121,103,132,91,156,95,135,130,203,139,146,117,89,100,120,153,114,118,104,77,112,163,103,270,118,100,73,65,174,112,73,67,82,88,92,183,78,100,61,51,98,93,87,63,86,80,90,183,78,81,0,0,93,0
"68",68,"CR10192",23,11,20,15,18,18,17,10,22,17,22,12,3,13,6,8,18,12,14,13,23,10,20,11,22,5,19,13,27,40,26,13,13,33,16,11,54,29,13,30,15,28,30,30,30,125,46,36,48,50,18,22,34,32,33,55,39,24,36,12,43,29,20,0,61,94,37,30,42,20,38,25,32,29,34,34,34,34,34,34,34,34,34,34,34,34,34,34,34,34,34,34,0,0,34,1
"69",69,"CR10360",11,2,1,6,6,3,7,12,11,14,19,2,8,22,4,23,12,13,9,16,21,8,7,11,14,4,9,12,1,17,3,25,12,26,9,5,16,23,24,63,11,9,80,64,32,123,25,100,9,140,38,14,15,15,61,15,10,21,43,38,26,56,45,25,31,82,7,20,28,20,64,16,28,20,31,31,31,31,31,31,31,31,31,30,30,31,30,30,30,30,30,30,0,0,30.5555555555556,0
"70",70,"CR31416",30,93,76,67,67,77,48,53,46,54,96,56,116,70,166,97,117,59,77,284,95,66,79,49,117,38,104,67,50,38,76,62,58,34,53,13,36,33,94,26,49,9,66,47,19,13,21,36,32,5,43,9,19,18,16,31,29,17,66,12,21,40,17,20,24,66,31,0,0,0,0,0,0,0,46,-5,1,-20,11,29,-8,-19,-4,-15,-16,-21,48,-22,-16,-50,8,14,0,1,-2.16666666666667,0
"71",71,"CRN2",104,76,51,54,46,50,34,58,111,71,55,34,87,53,94,30,98,41,88,68,52,64,76,71,68,89,89,81,89,70,66,97,65,67,103,55,91,26,107,89,84,42,125,51,36,65,42,61,95,102,78,90,53,48,73,82,136,32,66,91,53,41,105,119,117,218,70,110,137,49,224,72,61,23,27,36,59,39,26,59,39,30,92,31,20,38,39,39,76,39,25,59,0,0,42.9444444444444,0
"72",72,"CRN5",134,74,70,112,80,73,118,82,91,147,51,110,42,108,62,61,113,41,88,111,80,83,53,70,75,81,66,52,87,74,99,40,66,112,24,56,147,99,72,70,70,37,52,45,52,73,54,41,78,31,75,69,50,32,74,47,118,65,64,42,62,42,57,86,44,126,56,38,59,775,152,36,61,41,82,82,82,82,82,82,82,82,82,82,82,82,82,82,82,82,82,82,0,0,82,1
"73",73,"CURC",0,0,0,0,0,0,0,0,0,0,0,0,0,0,0,0,0,0,0,0,0,0,0,0,0,0,0,0,0,0,0,0,0,0,0,0,0,0,0,0,124,376,426,360,348,606,363,541,435,468,577,425,351,322,608,351,429,425,416,425,322,354,491,310,357,774,387,331,349,225,946,258,385,82,306,306,306,306,306,306,306,306,306,306,306,306,306,306,306,306,306,306,0,0,306,1
"74",74,"DCH",34,38,88,40,30,34,45,72,29,84,33,51,57,18,31,122,82,27,45,102,28,48,45,129,23,93,83,40,63,51,109,52,92,42,64,75,58,37,81,62,80,21,87,76,42,86,75,90,91,81,101,119,93,58,148,215,132,71,147,120,165,49,214,118,147,308,198,96,53,171,116,169,57,82,120,120,119,119,118,119,118,118,113,114,112,112,112,112,111,111,111,111,0,0,115,0
"75",75,"DH1",262,426,371,425,309,282,299,281,290,201,0,454,215,425,248,282,251,262,261,409,248,275,276,204,308,344,235,274,186,209,261,284,252,282,315,220,319,221,226,214,295,232,297,302,296,299,271,299,368,193,252,806,359,405,200,362,322,327,326,355,332,216,257,305,424,638,395,261,280,359,682,290,368,304,301,318,444,459,355,282,282,320,400,300,362,316,316,318,444,355,355,282,0,0,344.944444444444,0
"76",76,"DH2",390,398,408,421,332,441,364,346,408,392,411,332,374,350,325,289,333,477,266,418,479,553,406,381,316,455,477,343,360,681,324,451,537,385,311,224,620,271,490,528,552,306,311,565,436,381,338,447,470,302,656,392,397,579,323,455,318,331,301,426,389,278,365,365,359,920,452,263,366,280,722,315,367,300,391,369,367,736,333,426,362,301,476,334,323,306,359,356,470,736,305,362,0,0,406.222222222222,0
"77",77,"DH5",408,245,379,464,284,294,361,289,452,332,421,319,392,326,328,267,504,205,261,289,301,232,272,188,367,249,342,340,247,305,238,389,258,213,182,158,186,158,261,196,209,122,199,219,184,235,168,185,199,141,383,239,189,140,227,247,208,220,116,127,178,187,156,266,169,336,208,144,165,138,342,84,227,107,181,162,162,159,157,154,151,149,146,143,141,138,136,133,130,128,125,122,0,0,145.388888888889,0
"78",78,"DRB",38,70,40,33,32,39,31,24,34,37,61,15,78,19,9,0,40,45,26,31,25,32,10,29,28,28,21,34,53,26,21,31,22,44,32,44,32,51,32,41,54,23,43,28,56,79,30,39,43,16,50,30,13,38,45,62,30,20,44,21,28,0,77,33,25,64,41,3,96,20,80,27,19,14,34,23,11,18,23,9,45,25,50,25,25,13,30,23,14,25,23,9,0,0,23.6111111111111,0
"79",79,"DTX",68,86,110,41,86,55,74,74,42,49,44,67,77,59,99,57,70,69,96,54,35,82,39,93,66,61,98,73,112,64,62,49,42,43,112,43,94,60,71,67,73,101,96,69,100,65,120,54,99,111,99,75,72,108,80,74,85,31,90,62,90,43,73,54,74,102,84,65,67,74,122,48,40,21,72,60,67,65,66,61,61,59,71,60,66,62,73,61,69,67,67,63,0,0,65,0
"80",80,"EMLTG",0,0,0,0,0,0,0,0,0,0,0,0,0,0,0,0,0,0,0,0,0,0,0,0,0,0,0,0,0,0,0,0,0,0,0,0,95,79,96,104,172,171,226,176,185,179,213,187,8,328,100,208,116,74,74,122,130,122,115,97,153,52,134,53,108,262,125,100,114,89,110,94,97,124,127,127,127,127,127,127,127,127,127,127,127,127,127,127,127,127,127,127,0,0,127,1
"81",81,"EMX120",282,388,247,273,461,234,233,381,266,381,342,320,372,305,405,300,357,243,297,363,329,280,330,191,414,264,325,293,195,221,213,217,196,216,138,164,281,262,230,260,266,172,211,187,216,215,168,167,285,108,398,215,163,205,218,203,223,279,160,198,259,225,291,267,224,408,200,212,187,186,384,16,284,77,236,211,192,170,165,177,177,183,176,107,224,154,206,210,156,145,156,143,0,0,177.111111111111,0
"82",82,"EMXTG",0,0,0,0,0,0,0,0,0,0,0,0,0,0,0,0,0,0,0,0,0,0,0,0,0,0,0,0,0,0,0,0,0,0,80,278,257,206,182,204,185,214,161,149,246,231,135,161,147,190,208,162,175,181,149,182,181,188,137,167,126,85,186,203,139,188,148,85,114,106,286,102,202,83,127,127,127,127,127,127,127,127,127,127,127,127,127,127,127,127,127,127,0,0,127,1
"83",83,"EMXXS",0,0,0,0,0,0,0,0,0,0,0,0,0,0,0,0,0,0,0,0,0,0,0,0,0,0,0,0,0,0,0,0,0,0,0,0,0,0,3,59,93,176,177,183,158,223,176,197,160,209,210,194,129,253,112,180,18,318,174,205,169,207,254,197,158,432,236,191,180,185,454,114,151,179,232,244,248,318,280,271,250,282,301,264,283,305,253,285,307,364,347,321,0,0,286.388888888889,0
"84",84,"EPO",96,131,95,86,98,86,50,154,72,80,50,80,61,64,81,27,111,93,56,43,74,96,55,68,59,49,75,50,66,69,44,52,41,48,64,46,54,49,66,77,66,70,42,66,46,73,63,37,90,41,65,78,94,117,59,95,68,110,61,115,70,49,108,89,72,168,25,0,0,247,124,69,59,144,85,74,88,105,60,70,61,112,83,61,83,86,82,76,86,104,71,66,0,0,80.7222222222222,0
"85",85,"EQZC",0,0,0,0,0,0,0,0,0,0,0,0,0,0,0,0,0,0,0,0,0,0,0,0,0,0,0,0,0,0,0,0,0,0,0,0,0,0,0,0,0,0,0,0,0,0,0,0,0,0,0,0,0,0,0,0,0,0,0,0,0,0,0,0,0,0,0,0,0,1,0,0,2,0,0,0,0,0,0,0,0,0,0,0,0,0,0,0,0,0,0,0,1,0,0,1
"86",86,"EQZFL",0,0,0,0,0,0,0,0,0,0,0,0,0,0,0,0,0,0,0,0,0,0,0,0,0,0,0,0,0,0,0,0,0,0,0,0,0,0,0,1,0,0,0,0,0,2,2,0,2,0,0,0,0,0,1,0,0,0,0,0,0,87,199,146,243,272,204,80,190,142,626,137,193,229,208,197,194,194,193,193,193,194,193,191,191,190,191,191,189,188,181,178,0,0,191.611111111111,0
"87",87,"ETC",135,81,109,55,67,72,65,56,66,67,45,0,0,242,94,57,69,25,68,100,52,83,50,46,114,40,106,32,102,70,126,58,121,99,146,63,122,52,97,127,87,70,75,54,131,115,88,61,117,127,707,61,501,151,149,150,200,197,30,317,233,122,137,108,104,276,167,153,210,134,358,109,138,32,163,147,148,148,146,147,147,147,147,144,147,147,156,140,140,139,140,140,0,0,146.277777777778,0
"88",88,"ETCB",70,104,31,50,85,83,87,99,88,119,120,127,92,125,105,89,97,58,81,81,74,95,66,113,112,63,89,45,91,56,63,61,66,57,44,24,44,44,34,28,49,54,72,54,50,70,59,28,61,68,409,56,0,475,121,105,56,104,127,13,148,100,91,138,78,184,72,60,244,66,182,75,59,149,130,111,122,135,120,108,131,114,119,91,115,131,110,138,163,89,141,120,0,0,121.555555555556,0
"89",89,"GABA",398,262,379,245,392,377,351,314,456,346,372,318,266,183,352,241,288,279,328,322,292,316,265,190,451,135,520,349,309,324,421,389,337,396,515,216,508,366,289,391,346,333,250,451,560,472,334,478,389,448,620,521,523,300,500,416,555,485,541,559,400,514,466,325,394,818,579,439,320,342,758,391,423,356,513,478,471,442,460,463,465,460,460,460,462,461,461,461,461,461,461,461,0,0,464.5,0
"90",90,"GBX",0,0,0,0,0,0,0,0,0,0,0,0,0,0,0,0,0,0,0,0,0,0,0,0,0,0,769,360,485,658,360,510,432,517,577,391,664,469,590,622,636,739,595,591,415,713,476,727,631,463,633,693,542,448,462,409,489,513,543,612,543,344,429,606,384,770,573,433,445,506,604,127,546,51,449,447,446,450,438,365,333,339,338,337,339,335,339,338,339,343,343,342,0,0,370,0
"91",91,"GCH",68,121,60,69,106,71,55,84,87,90,62,57,106,57,100,71,101,67,51,107,72,104,58,83,46,136,96,111,120,39,107,63,105,99,77,67,98,80,82,80,84,85,107,95,55,108,64,76,130,84,208,97,93,114,0,190,74,127,110,84,144,77,128,116,54,118,125,82,113,92,178,103,88,58,121,96,106,102,104,103,103,103,103,103,103,103,103,103,103,103,103,103,0,0,103.777777777778,0
"92",92,"GKB",33,42,58,84,49,36,36,89,16,20,61,15,47,14,91,29,36,65,28,55,24,21,41,16,15,12,47,26,20,58,39,58,24,39,16,22,27,75,48,40,38,48,53,20,48,32,79,25,61,17,62,28,33,44,71,66,82,78,53,79,79,57,77,31,35,156,100,102,57,35,128,60,52,21,81,57,56,93,78,76,65,59,87,52,68,61,82,58,63,105,87,70,0,0,72.1111111111111,0
"93",93,"GLC",144,115,151,0,220,160,80,126,143,135,177,111,134,159,99,95,165,75,154,120,109,70,111,43,86,78,76,83,46,108,58,49,68,107,54,63,90,94,64,145,106,121,129,39,58,131,46,85,71,47,63,80,122,102,63,119,72,96,79,86,67,67,123,79,121,120,87,67,113,94,212,64,30,22,23,35,33,52,45,127,57,41,76,32,25,24,23,35,137,43,45,36,0,0,49.3888888888889,0
"94",94,"GLF",86,116,50,112,86,79,57,89,54,120,88,78,65,91,77,63,109,98,81,37,77,80,52,84,56,33,55,83,63,65,62,70,64,68,83,44,79,112,69,83,83,65,131,52,96,141,306,66,97,142,97,128,122,67,101,83,113,105,70,169,136,29,103,151,87,1004,102,76,91,138,258,48,41,68,127,155,151,276,164,120,137,158,234,104,144,165,136,164,170,279,201,130,0,0,167.5,0
"95",95,"GLN",95,74,91,61,98,71,76,67,65,67,41,31,72,47,73,78,55,83,86,100,98,77,84,16,44,93,56,113,112,69,114,96,108,127,139,30,90,79,77,102,78,55,104,62,80,78,79,88,141,100,111,89,84,89,43,80,81,111,73,54,88,68,64,60,116,150,114,76,67,96,210,84,83,14,69,80,82,82,83,83,83,83,83,83,83,83,83,83,83,83,83,83,0,0,81.9444444444444,0
"96",96,"GRC",98,82,64,82,99,66,58,108,99,95,88,60,90,86,96,140,63,107,63,76,65,65,56,52,37,38,55,21,33,27,49,27,28,38,45,26,41,32,31,48,60,40,34,36,34,40,48,37,24,32,24,22,31,16,33,33,31,44,27,33,16,18,56,33,29,82,22,36,26,22,74,10,23,33,16,23,23,4,23,17,19,20,0,21,16,11,15,12,11,16,8,9,0,0,14.6666666666667,0
"97",97,"GSTC",41,74,64,48,107,67,43,69,60,70,49,50,55,53,19,61,39,60,46,67,68,52,43,55,58,54,69,19,90,65,65,62,73,81,69,35,51,67,76,81,36,43,90,73,48,56,59,60,61,64,72,91,47,57,114,92,68,90,58,62,24,66,42,89,45,98,44,40,33,31,128,48,55,50,39,46,50,57,33,67,41,48,101,48,48,50,41,59,68,58,42,60,0,0,53.1111111111111,0
"98",98,"GSTP",48,53,54,52,49,51,40,0,68,28,40,30,51,31,46,41,66,37,39,26,23,40,50,7,83,51,45,31,41,36,44,25,56,45,63,16,38,40,33,19,42,39,42,65,41,39,44,37,42,0,81,11,0,107,18,26,45,33,33,13,0,0,111,31,25,40,21,46,38,22,84,37,23,10,44,30,39,37,32,39,39,31,40,30,37,30,45,31,46,40,33,31,0,0,36.3333333333333,0
"99",99,"GTE",86,83,44,118,66,118,66,94,76,122,75,92,89,91,74,68,106,55,125,55,61,72,84,49,70,41,92,38,96,70,69,65,65,72,98,31,95,66,79,83,126,41,49,65,43,46,51,50,109,39,274,81,81,96,78,70,87,89,60,112,62,65,86,44,93,118,67,86,88,38,134,28,62,51,87,68,77,75,70,70,70,70,76,67,74,71,90,70,80,73,73,71,0,0,74,0
"100",100,"HEP",100,137,159,125,120,162,163,109,115,236,223,227,187,146,166,148,159,92,135,185,76,245,91,122,125,238,156,114,110,99,107,131,73,134,132,90,159,89,121,107,116,161,138,67,107,207,83,44,95,136,205,179,109,191,129,138,153,186,108,173,127,175,84,176,333,338,214,174,104,157,212,122,146,126,146,146,146,146,146,146,146,146,146,146,146,146,146,146,146,146,146,146,0,0,146,1
"101",101,"HEPF",192,131,122,127,147,176,180,202,142,264,152,170,120,187,144,114,160,122,162,163,138,177,1,313,177,172,180,132,126,184,174,36,213,69,216,87,138,73,84,137,70,78,159,111,90,195,103,114,116,92,236,48,102,122,84,158,133,147,117,138,86,134,110,141,237,244,169,144,154,140,346,130,74,116,159,155,157,144,160,159,161,162,165,163,154,139,142,153,156,158,158,157,0,0,155.666666666667,0
"102",102,"HYA",36,56,38,41,65,54,19,54,31,47,54,39,52,51,98,31,89,38,75,96,43,30,44,31,65,49,64,54,33,50,41,70,33,60,43,24,52,44,38,38,40,60,51,20,53,41,46,14,40,42,57,38,60,52,50,57,63,47,33,44,58,49,55,68,18,160,76,43,24,52,114,37,34,50,50,50,50,50,50,50,50,50,50,50,50,50,50,50,50,50,50,50,0,0,50,1
"103",103,"IMT",29,29,50,30,28,21,30,57,29,20,42,36,30,26,49,15,25,25,38,17,30,44,22,23,23,34,27,25,18,18,14,34,23,20,41,17,32,33,10,19,23,12,32,12,17,41,22,8,40,16,221,31,36,4,35,13,38,21,51,22,49,10,24,10,19,64,24,20,23,35,40,20,35,1,43,31,31,30,31,23,24,37,36,23,40,31,16,41,37,35,31,19,0,0,31.0555555555556,0
"104",104,"IND",342,198,300,287,184,238,217,265,226,306,229,307,258,183,239,290,185,315,235,310,314,225,267,158,229,211,265,166,188,211,185,258,179,192,255,180,233,224,215,259,169,248,165,123,168,245,135,148,191,179,478,459,209,209,200,240,214,237,193,206,175,156,293,187,235,250,372,342,176,273,332,157,260,273,241,236,236,236,236,236,236,236,236,236,236,236,236,236,236,236,236,236,0,0,236.277777777778,0
"105",105,"INF",139,0,0,844,198,180,236,193,184,257,265,228,276,193,192,165,291,230,204,134,373,222,202,168,188,241,253,174,292,205,281,185,163,221,325,141,293,134,220,358,220,140,296,208,135,213,174,116,209,206,273,235,154,267,87,197,265,140,161,137,221,206,117,211,133,274,197,118,214,176,248,131,171,99,190,245,205,158,218,139,158,180,207,117,172,104,236,171,225,121,251,129,0,0,179.222222222222,0
"106",106,"IPD",21,27,38,17,17,14,19,15,14,15,24,28,17,15,44,11,13,25,41,18,21,21,14,14,21,9,12,16,22,9,21,23,10,22,18,25,24,12,20,15,22,23,15,14,10,20,57,17,63,13,17,9,14,15,21,15,9,11,24,25,17,42,22,76,23,40,18,24,25,16,80,12,12,5,22,22,22,22,22,22,22,22,22,22,22,22,22,22,22,22,22,22,0,0,22,1
"107",107,"IRN-CH",77,44,81,42,63,75,52,117,69,97,70,51,79,88,64,59,95,57,38,89,45,74,80,68,48,81,48,97,52,64,69,56,41,64,281,35,64,67,35,51,52,56,64,32,86,57,52,49,124,42,81,124,19,49,51,63,94,56,36,53,63,1,62,38,35,146,48,69,61,64,152,50,95,111,68,68,68,68,68,68,68,68,68,68,68,68,68,68,68,68,68,68,0,0,68,1
"108",108,"IRN30",172,137,166,66,203,141,146,188,146,127,121,122,210,112,188,109,127,150,247,204,149,137,173,135,136,129,77,222,123,100,182,170,117,176,183,125,152,143,162,142,191,182,170,142,246,123,196,150,190,196,228,357,268,175,126,293,225,196,280,332,191,0,0,562,309,238,359,218,171,208,364,160,12,471,201,306,267,249,297,259,266,234,291,221,245,275,208,312,276,282,338,258,0,0,265.833333333333,0
"109",109,"K-ABX",200,242,188,289,304,228,205,296,205,222,155,230,182,237,59,281,228,165,182,157,195,218,173,156,213,172,192,169,140,90,229,138,124,229,173,178,196,157,138,132,218,125,164,174,143,211,135,113,188,246,335,225,123,177,144,209,134,238,122,109,174,113,123,114,143,206,224,201,143,165,392,0,1,308,168,171,173,162,172,174,167,197,188,162,178,193,184,189,181,171,185,181,0,0,177.555555555556,0
"110",110,"K-ABX-60",165,148,251,173,155,201,169,265,204,275,189,131,228,287,192,165,209,216,218,241,183,220,123,122,203,164,179,261,134,98,187,150,127,228,185,114,162,127,189,164,158,131,161,150,100,229,82,220,251,181,222,233,162,289,138,183,204,125,213,212,158,163,277,147,148,254,142,106,120,155,314,136,223,140,172,177,119,130,147,215,143,162,197,113,171,148,164,185,177,130,154,177,0,0,160.055555555556,0
"111",111,"K-ABX-CN",0,0,0,0,2,0,0,0,0,3,1,0,0,0,0,0,0,0,0,0,0,0,0,0,0,0,0,0,0,0,0,0,1,0,0,0,0,0,0,0,0,0,0,0,6,0,0,0,1,0,0,0,0,0,0,0,0,0,0,0,1,0,0,0,0,0,0,6,0,0,0,0,0,0,0,0,0,0,0,0,0,0,0,0,0,0,0,0,0,0,0,0,1,0,0,1
"112",112,"K-BSP-12",26,52,46,64,16,25,55,25,53,18,62,34,41,41,39,32,45,30,52,39,57,69,28,63,39,101,105,79,106,99,9,234,114,162,136,106,216,109,157,149,91,86,137,150,110,222,92,131,159,140,336,194,170,184,206,212,314,203,241,253,117,0,0,56,497,744,211,150,192,0,358,0,172,161,187,187,187,187,187,187,187,187,187,187,187,187,187,187,187,187,187,187,0,0,187,1
"113",113,"K-BTG",131,261,214,245,336,198,174,257,289,107,288,106,264,213,195,146,264,125,311,242,169,351,236,230,359,177,178,194,154,139,196,158,117,220,174,182,133,112,156,130,198,137,183,191,153,158,102,111,235,172,227,6,0,313,121,149,161,154,97,110,30,0,0,471,176,180,119,149,113,124,294,136,38,30,78,133,128,88,136,126,85,136,109,83,88,72,41,116,118,38,142,111,0,0,101.555555555556,0
"114",114,"K-BTGC",419,500,392,327,608,636,297,484,584,638,254,354,404,532,583,359,424,503,354,447,288,657,410,813,379,495,225,476,252,230,373,186,354,458,373,224,418,276,271,386,272,86,430,287,263,348,412,281,626,256,885,325,162,434,214,307,299,398,339,192,180,0,0,1073,337,392,353,207,282,234,380,239,250,202,212,792,274,281,183,293,288,262,294,248,288,287,298,792,315,275,269,265,0,0,328.666666666667,0
"115",115,"K-CQ6",68,39,91,66,55,86,26,65,54,90,84,63,68,22,39,68,131,42,104,70,138,97,130,100,92,65,101,68,90,65,58,61,113,90,101,36,90,40,50,47,50,92,35,66,80,62,40,70,71,31,81,98,77,63,65,34,56,74,39,48,71,52,62,27,69,108,33,59,55,58,130,24,63,80,69,65,69,69,63,63,68,68,73,63,69,60,67,66,70,72,71,70,0,0,67.5,0
"116",116,"K-EZN",90,82,93,110,136,98,43,157,88,106,116,131,98,77,175,128,117,118,197,86,110,200,100,103,99,39,86,49,106,133,37,44,52,60,169,103,125,61,39,131,67,67,89,44,66,70,70,88,105,102,101,311,98,134,134,157,166,139,115,173,158,132,169,98,109,236,105,100,161,100,222,127,58,117,115,57,68,116,67,109,74,65,129,72,67,113,113,56,92,90,69,111,0,0,87.9444444444444,0
"117",117,"K-GAL",214,264,11,81,136,158,139,136,28,48,136,56,322,128,208,89,134,0,462,87,100,289,247,82,143,165,88,40,44,62,87,31,57,92,43,69,80,25,27,53,36,52,48,47,53,34,33,27,19,37,96,62,27,34,23,35,23,32,22,21,25,10,37,35,13,32,28,22,20,8,34,16,16,10,25,18,14,19,17,24,20,8,22,18,16,10,24,20,19,22,19,20,0,0,18.6111111111111,0
"118",118,"K-GALC",62,42,99,107,77,58,56,29,88,22,54,25,55,98,6,121,61,9,47,31,81,71,46,67,55,63,31,40,39,29,54,39,47,54,41,29,47,44,57,38,26,57,26,45,65,44,95,32,89,29,58,62,27,16,39,37,30,45,40,12,19,41,37,14,19,84,30,29,10,46,52,8,23,29,33,33,33,33,33,33,33,33,33,33,33,33,33,33,33,33,33,33,0,0,33,1
"119",119,"K-GALC1",72,44,76,70,91,84,115,103,88,62,71,48,49,32,118,58,66,46,65,67,75,76,42,51,49,59,82,65,104,32,63,36,46,47,51,10,44,37,27,33,34,33,27,16,34,21,33,19,36,29,30,38,33,16,41,29,22,41,46,27,37,24,53,18,26,36,12,17,24,22,78,26,11,17,24,15,19,22,14,21,12,16,60,14,14,17,24,15,25,13,14,18,0,0,19.8333333333333,0
"120",120,"K-GLNP",508,183,102,142,243,251,163,311,220,312,322,102,1,458,204,174,185,155,349,268,315,355,485,176,330,317,417,184,124,87,145,115,155,150,199,61,278,155,108,231,144,147,166,133,233,209,143,124,193,189,119,245,137,133,193,180,181,281,226,92,5,0,573,156,128,212,191,129,123,134,20,215,200,82,159,159,159,159,159,159,159,159,159,159,159,159,159,159,159,159,159,159,0,0,159,1
"121",121,"K-IBS",0,0,0,0,0,0,0,0,0,0,0,0,0,0,0,0,0,0,0,0,0,0,0,0,0,0,0,0,0,0,0,0,0,0,0,0,0,0,0,0,0,0,0,0,0,0,0,0,0,0,0,0,0,0,0,0,0,0,0,0,0,0,0,0,0,0,0,0,126,82,452,160,132,109,108,108,223,108,108,223,108,95,142,142,223,108,108,108,223,108,108,108,0,0,136.611111111111,0
"122",122,"K-IBS42",0,0,0,0,0,0,0,0,0,0,0,0,0,0,0,0,0,0,0,0,0,0,0,0,0,0,0,0,0,0,0,0,0,0,0,0,0,0,0,0,0,0,0,0,0,0,0,0,0,0,0,0,0,0,0,0,0,0,0,0,0,0,0,0,0,0,0,0,69,98,176,72,114,56,56,58,108,56,58,108,58,72,77,67,135,56,56,58,108,58,58,56,0,0,72.3888888888889,0
"123",123,"K-INT",77,183,198,175,198,167,117,120,93,171,113,151,195,177,151,264,135,91,116,324,178,138,62,32,-70,109,99,55,137,116,67,54,139,72,103,66,157,54,152,144,138,86,91,79,115,133,72,46,104,115,110,91,103,56,55,125,91,98,74,45,84,69,47,91,112,114,100,60,103,56,216,62,63,44,91,82,78,78,80,88,80,89,58,88,88,91,82,84,85,85,84,83,0,0,83,0
"124",124,"K-INT-12",410,280,256,219,195,263,175,354,259,251,240,251,350,395,252,11,153,213,195,226,196,318,228,57,221,155,124,101,174,169,231,159,90,263,153,116,250,104,161,146,166,126,129,153,145,139,150,162,84,97,192,288,104,151,117,163,198,114,141,153,74,121,169,202,81,130,181,127,117,165,348,140,95,72,132,126,107,115,138,111,102,129,198,113,100,85,105,103,101,99,97,95,0,0,114.222222222222,0
"125",125,"K-INTP120",1278,1274,1042,1075,1299,1588,1446,1931,1507,1114,1209,608,1428,647,1238,706,1076,1044,1063,1170,1484,1669,1593,716,1604,2316,1631,815,625,1235,852,919,1020,703,1029,479,822,1374,506,549,718,753,702,701,813,997,468,537,571,865,868,760,542,941,662,603,555,741,827,498,516,742,797,658,454,1278,675,709,438,0,1184,689,739,440,721,741,741,757,820,833,833,833,841,832,835,842,839,836,837,847,840,836,0,0,814.666666666667,0
"126",126,"K-INTP60",37,104,87,144,90,93,108,141,101,109,81,140,113,130,140,108,180,146,126,157,339,161,213,141,170,170,247,188,224,128,117,258,171,194,195,230,375,119,273,294,471,240,210,305,324,257,136,98,160,272,226,144,202,172,169,174,189,332,158,60,320,115,287,113,75,178,235,303,0,289,187,235,100,268,264,218,298,192,187,287,262,272,219,210,233,232,279,231,355,179,170,316,0,0,244.666666666667,0
"127",127,"K-JRV",60,66,56,59,105,74,87,63,86,60,103,46,69,46,61,76,109,4,164,57,55,117,72,85,91,73,73,50,63,68,86,113,75,86,106,57,90,89,75,90,75,85,87,75,54,120,66,91,91,80,202,108,70,130,91,73,117,84,110,118,22,0,254,119,100,220,98,76,96,60,274,48,79,81,111,86,110,89,85,148,85,59,105,47,69,86,88,86,183,89,85,80,0,0,93.9444444444444,0
"128",128,"K-LAC",59,96,54,65,86,92,90,65,113,146,29,82,61,165,52,64,38,33,62,79,8,146,43,58,148,98,23,35,52,48,43,75,14,75,39,49,45,26,22,40,36,23,59,36,66,28,78,30,58,38,117,141,60,91,36,14,43,63,44,44,57,10,40,35,31,100,32,22,28,32,90,36,36,13,42,34,50,73,34,29,26,23,75,46,41,37,44,27,61,61,24,30,0,0,42.0555555555556,0
"129",129,"K-LPP",649,579,572,555,639,705,632,835,938,839,807,802,799,874,662,905,702,799,892,983,1098,1013,1037,885,1242,921,1114,649,551,541,771,524,535,691,639,450,693,406,717,636,589,375,660,349,696,535,428,448,707,577,748,633,571,915,366,464,634,575,694,674,635,679,583,754,402,878,696,491,559,458,2,723,484,417,566,462,243,604,474,194,506,432,369,635,263,425,599,401,202,630,397,431,0,0,435.166666666667,0
"130",130,"K-MBS",210,279,299,312,292,279,212,286,265,302,84,389,359,200,196,431,342,291,358,309,359,272,258,146,288,254,252,387,327,233,289,254,335,369,234,184,311,304,233,345,246,269,214,274,211,258,177,290,270,143,344,149,177,211,133,142,191,137,179,134,241,488,292,219,134,428,163,201,114,172,226,202,198,104,202,202,202,202,202,202,202,202,202,202,202,202,202,202,202,202,202,202,0,0,202,1
"131",131,"K-MCD",138,134,167,195,173,236,176,151,185,147,259,179,250,229,357,205,237,138,178,155,177,294,189,171,231,454,141,196,204,79,161,159,169,240,218,181,310,195,227,314,178,201,216,212,148,323,199,301,240,414,645,311,225,227,258,347,355,330,398,314,210,309,299,216,325,514,352,223,293,200,648,243,410,201,322,322,322,322,322,322,322,322,322,322,322,322,322,322,322,322,322,322,0,0,322,1
"132",132,"K-PDG",64,119,79,75,69,69,100,96,67,73,68,78,60,81,131,93,110,80,91,62,42,83,82,38,80,88,83,39,63,45,46,59,51,29,35,48,44,42,52,71,36,52,53,67,59,69,62,51,55,58,103,95,58,70,42,68,49,82,51,55,9,68,95,31,48,82,35,33,31,32,72,0,0,161,145,106,117,117,105,104,104,104,104,79,79,145,145,106,117,99,105,104,0,0,110.277777777778,0
"133",133,"K-SIB",0,0,0,0,0,0,18,109,73,80,76,59,41,43,18,40,105,39,96,58,45,37,36,55,48,63,81,30,40,38,34,36,35,67,33,39,44,45,33,78,31,47,49,39,63,59,30,95,62,23,88,86,42,30,66,55,65,87,65,51,64,96,59,60,49,78,77,46,46,43,116,56,70,31,51,37,37,51,44,86,38,45,49,48,51,30,49,45,93,53,71,37,0,0,50.8333333333333,0
"134",134,"K-TCC",1270,1418,1242,1392,1396,1240,1341,1815,1566,1695,1646,1429,2026,1667,1832,2085,1624,1339,1424,2201,1779,2694,1792,1763,2644,2659,2135,1496,1300,1205,1298,1267,1434,1608,1872,1159,2097,1243,2042,1859,1543,1359,1357,1361,1705,2030,1534,1331,2068,1850,1443,3359,988,1708,1142,1569,1698,1470,1408,1541,1748,1120,1644,1358,1368,2800,1445,1573,1498,693,2,3242,1658,1053,1210,883,550,2381,773,677,1008,869,620,855,1334,1482,1482,1243,524,1326,923,1105,0,0,1069.16666666667,0
"135",135,"K-TCP",1176,1380,1165,1152,1265,1160,995,1308,1163,1115,1092,824,1146,1001,1140,982,1037,941,1012,1132,793,1144,886,1037,1179,986,681,749,807,611,668,767,606,889,613,482,731,447,680,697,538,519,472,623,445,671,575,414,567,579,848,628,406,511,412,534,585,312,566,416,477,426,520,439,443,868,412,435,293,338,810,340,369,255,355,343,332,320,308,296,284,273,261,249,237,225,213,202,190,178,166,154,0,0,254.777777777778,0
"136",136,"K-TCP-CN",0,5,3,6,26,26,2,99,-14,12,4,0,0,8,87,0,8,88,0,0,0,11,0,0,0,72,4,0,0,2,48,0,0,0,0,12,0,60,2,0,0,24,0,0,39,0,0,2,0,0,0,0,2,36,0,0,0,0,0,24,36,0,0,12,0,48,0,12,0,0,0,0,0,0,11,-2,-2,27,8,-2,9,-4,-6,-1,-6,13,11,-1,-5,21,13,-19,0,1,3.61111111111111,0
"137",137,"K-TF6",543,558,649,595,613,486,748,727,629,692,706,674,687,609,581,517,578,529,595,761,555,745,676,518,869,624,600,227,630,496,490,430,475,491,614,334,559,393,491,509,376,450,404,377,443,430,277,447,550,408,612,641,417,401,394,286,440,377,489,370,300,505,538,370,318,504,276,229,247,305,494,287,339,201,214,211,192,208,184,187,170,216,295,188,203,205,215,211,208,212,194,182,0,0,205.277777777778,0
"138",138,"K-TIF",1312,1581,1386,1959,1562,1388,1152,1677,2183,1302,1477,1189,1973,1522,1470,1547,1448,1316,1355,1381,2002,2335,2830,2802,2465,2581,1822,1485,1505,1160,1254,1158,1149,1518,1508,1055,1931,1567,1658,1766,1944,980,1537,1264,1105,1565,1502,1037,1535,1355,1911,1153,820,1319,1061,1305,1180,1382,1047,618,1704,901,1393,1184,1143,2908,1335,1067,366,2002,902,1355,1106,1158,1198,1198,1198,1198,1198,1198,1198,1198,1198,1198,1198,1198,1198,1198,1198,1198,1198,1198,0,0,1198,1
"139",139,"K-TSR",155,170,156,172,178,207,167,231,215,154,217,207,214,160,205,271,260,171,215,165,181,179,196,167,250,239,154,82,252,129,178,128,151,232,160,164,226,205,126,231,186,129,166,109,185,160,169,234,159,185,290,118,209,201,73,181,194,185,163,153,233,141,218,164,137,566,149,169,153,141,406,216,140,106,212,192,205,202,191,211,195,193,215,194,204,191,196,188,212,199,187,203,0,0,199.444444444444,0
"140",140,"K-TWF",768,1000,854,1091,991,889,721,997,966,1119,1748,1038,859,1006,1365,883,899,755,961,995,1015,1211,1518,1180,1610,2196,1304,763,698,652,632,609,670,870,794,444,925,553,757,726,622,694,804,525,817,720,572,625,632,740,1087,706,489,917,785,793,768,730,937,951,1062,690,1045,728,646,2008,794,785,779,403,2474,707,849,648,976,909,917,939,949,980,971,971,1145,968,961,961,991,950,969,975,951,973,0,0,969.777777777778,0
"141",141,"K-VCH",1043,704,848,764,1059,635,867,1067,1056,926,980,912,1008,996,697,864,594,651,851,772,681,951,633,494,903,437,1203,505,443,479,650,370,679,538,652,350,642,455,559,408,544,470,527,571,542,951,395,661,596,476,936,615,647,711,539,740,509,713,621,373,20,1775,906,729,712,2186,1170,918,0,847,2190,0,0,0,0,157,514,22,230,11,175,216,514,17,0,125,64,157,514,129,230,11,0,0,171.444444444444,0
"142",142,"K-VTS",83,86,131,140,125,165,175,201,189,34,156,105,105,102,110,229,106,151,162,147,118,154,101,50,67,0,0,288,85,69,48,67,72,102,91,34,96,71,61,77,80,47,71,49,54,87,48,26,83,37,163,96,61,20,14,60,49,51,33,74,98,82,45,69,168,148,61,49,44,62,116,35,39,13,21,122,63,49,41,35,33,59,44,1,28,3,-12,133,57,30,27,5,0,0,41.0555555555556,0
"143",143,"K-VTS-BP",483,317,288,263,386,288,249,439,284,408,298,219,347,193,410,244,212,209,211,196,264,234,153,136,379,111,314,95,148,102,152,164,144,152,195,76,167,107,123,155,128,102,126,146,103,130,122,48,111,105,220,42,155,84,94,156,131,148,90,5,158,0,0,2,361,314,123,83,140,147,152,0,150,85,138,128,141,140,151,154,163,164,163,159,175,171,175,165,174,177,176,177,0,0,160.611111111111,0
"144",144,"K-VTS-T",0,0,0,0,0,0,0,0,0,0,0,0,0,0,0,0,0,0,0,0,0,0,0,0,0,0,0,0,0,0,0,0,0,0,0,0,0,0,0,0,0,0,0,8,25,20,54,56,19,9,79,134,104,33,22,24,21,22,3,53,24,51,42,9,57,112,44,19,12,13,42,37,53,1,34,34,34,34,34,34,34,34,34,34,34,34,33,33,33,33,33,32,0,0,33.6111111111111,0
"145",145,"K-VTSC",829,453,704,731,659,713,643,737,865,655,502,731,552,719,841,350,535,399,727,619,522,587,396,340,368,346,811,253,266,292,518,357,246,398,396,222,467,310,374,278,305,282,313,369,328,492,314,365,368,349,583,422,279,344,232,452,352,424,322,367,321,205,482,328,332,264,293,434,192,444,1074,254,378,257,610,573,587,556,575,600,532,609,813,551,592,566,659,657,656,656,655,655,0,0,616.777777777778,0
"146",146,"K-VZM",1566,1299,1273,1456,1474,1880,1675,1243,1973,1693,1134,1201,2405,1740,2549,1733,993,1172,1590,2098,1704,1734,1808,1610,1216,2631,2103,929,894,1227,1184,1000,801,1254,1059,840,1295,880,941,976,948,1212,1271,1024,1137,1164,926,977,1012,1002,1066,1273,1004,1261,854,1213,1050,1253,1026,1123,1026,848,1396,1043,1004,2428,1166,707,0,755,1892,806,0,0,2,-7,13,1346,10,609,2,10,33,33,-7,2,2,-7,556,1346,10,2,0,1,219.722222222222,0
"147",147,"LTH",483,370,406,360,449,346,331,410,519,456,307,268,512,203,385,353,314,365,348,282,381,280,435,208,315,344,307,180,428,156,187,381,219,237,218,362,232,205,169,252,588,249,265,266,276,243,330,295,311,343,426,458,541,292,515,258,417,306,222,393,354,327,303,294,282,652,336,247,234,263,664,179,305,159,272,269,471,324,295,317,294,264,361,279,334,279,216,232,533,316,270,345,0,0,315.055555555556,0
"148",148,"LYS",162,138,172,114,91,159,90,184,153,168,93,122,174,101,161,92,121,125,110,166,115,101,120,124,157,148,185,129,196,161,126,161,128,202,91,168,173,105,125,207,143,95,203,136,135,162,135,206,295,130,268,402,127,231,183,227,242,223,155,198,224,203,125,13,375,382,151,278,160,190,476,160,302,162,229,226,272,251,245,257,220,249,246,248,307,229,229,237,320,254,298,265,0,0,254.555555555556,0
"149",149,"MAG",278,329,442,370,382,370,277,367,264,447,373,219,127,545,283,295,305,366,360,386,335,327,394,237,254,252,227,145,87,468,169,221,177,150,285,182,250,220,230,204,211,216,280,287,240,280,292,299,295,229,224,910,245,412,404,440,333,476,311,341,16,764,335,426,268,720,499,207,286,205,640,281,437,163,319,319,319,319,319,319,319,319,319,319,319,319,319,319,319,319,319,319,0,0,319,1
"150",150,"MAR",134,259,261,221,550,211,166,290,262,220,188,155,377,209,298,142,190,184,165,190,138,74,180,82,217,167,150,142,159,79,167,134,161,118,180,88,137,97,176,150,126,75,166,85,125,125,73,136,123,138,171,249,152,127,163,150,110,234,76,146,106,226,102,108,247,222,153,118,86,194,226,110,27,235,173,167,174,170,177,180,176,177,179,162,159,174,172,171,171,155,164,166,0,0,170.388888888889,0
"151",151,"MBA",549,445,395,484,462,552,525,361,515,602,463,425,578,469,516,391,349,509,635,340,416,496,526,207,430,399,370,266,221,268,292,231,263,269,277,240,286,272,242,332,339,277,231,326,290,357,194,273,413,257,493,307,330,234,504,336,228,528,402,472,314,287,430,338,278,796,352,325,341,226,266,80,372,191,260,248,248,248,248,248,248,248,248,248,248,248,248,248,248,248,248,248,0,0,248.666666666667,0
"152",152,"MCP",25,36,20,43,43,36,21,23,37,22,30,18,16,0,83,31,32,18,34,18,34,27,26,27,20,26,25,35,22,30,25,28,17,27,50,23,43,18,23,27,34,27,40,36,22,34,18,30,35,25,39,13,24,48,36,49,21,16,27,40,60,53,48,51,43,70,43,33,49,27,110,10,66,24,49,46,45,47,48,43,39,41,53,36,50,41,50,51,48,46,55,47,0,0,46.3888888888889,0
"153",153,"ML1",132,197,165,106,141,151,112,124,226,149,137,130,131,262,106,143,126,151,113,142,112,129,167,154,222,111,1,292,135,129,128,180,121,136,111,104,160,178,116,178,173,136,139,111,156,141,129,162,166,166,364,394,64,96,317,202,258,168,281,124,362,179,269,88,164,300,219,237,171,270,434,29,396,108,194,268,223,231,219,228,224,238,261,207,287,256,164,294,273,257,219,246,0,0,238.277777777778,0
"154",154,"ML2",508,299,209,439,262,317,368,496,479,601,259,516,379,335,263,482,352,321,324,1107,198,465,414,315,571,21,0,1116,103,335,531,325,238,491,542,240,183,391,545,249,726,161,365,488,680,202,175,222,271,189,314,510,132,217,195,272,299,259,336,327,234,276,318,178,285,534,314,226,223,195,644,247,283,215,341,314,292,306,307,303,304,305,304,304,304,304,304,304,304,304,304,304,0,0,306.222222222222,0
"155",155,"ML3",221,172,271,264,174,278,237,257,138,266,215,171,239,165,235,207,196,209,197,247,187,257,198,228,236,229,173,195,206,193,188,217,205,299,300,145,93,233,185,237,248,233,292,164,188,249,313,192,293,188,578,272,258,204,282,250,275,268,343,343,332,252,314,299,291,394,246,323,282,223,440,260,199,260,312,319,315,318,312,284,272,328,381,275,311,301,277,349,360,337,338,274,0,0,314.611111111111,0
"156",156,"MMN",91,116,124,90,130,87,101,144,113,137,87,60,99,0,109,142,92,123,98,137,87,52,175,48,96,81,104,59,108,58,72,16,38,30,25,11,32,30,28,55,40,33,12,32,66,27,16,73,60,34,76,78,48,64,69,96,69,141,118,71,143,5,0,277,145,56,32,142,29,6,0,0,0,300,51,95,79,58,51,69,65,40,46,40,52,70,38,84,77,59,50,54,0,0,59.8888888888889,0
"157",157,"MPA",99,156,47,76,65,104,81,71,91,85,84,81,127,44,66,74,111,64,126,110,35,74,82,55,79,72,115,104,59,54,94,86,111,94,53,65,109,58,74,63,62,106,75,68,67,73,52,41,90,86,134,117,59,76,43,70,43,91,62,61,75,82,87,92,43,156,77,82,75,80,298,25,0,0,80,80,80,80,80,80,80,80,80,80,80,80,80,80,80,80,80,80,0,0,80,1
"158",158,"MSM",81,98,87,96,115,99,81,105,82,124,83,112,159,0,227,180,144,174,144,107,221,116,125,76,125,92,112,146,64,43,94,100,59,92,50,60,106,70,80,79,101,56,73,83,101,50,79,76,125,72,67,252,49,56,85,52,62,100,59,59,82,82,78,59,43,198,69,68,152,104,326,63,169,89,135,139,134,138,135,134,137,135,135,130,133,131,134,136,131,131,130,129,0,0,133.722222222222,0
"159",159,"MT1",404,453,454,429,455,527,295,433,455,486,446,356,430,357,378,357,370,358,361,286,430,353,351,323,296,373,302,320,345,229,190,278,159,296,229,136,144,197,262,176,180,125,131,107,141,174,104,90,150,46,0,0,0,620,64,91,92,129,17,0,0,0,0,0,531,264,40,74,146,103,230,44,55,249,94,89,84,79,74,70,65,60,55,50,45,41,36,31,26,21,16,12,0,0,52.6666666666667,0
"160",160,"MT1C",167,134,144,133,198,258,121,284,256,175,213,159,292,175,192,171,204,268,208,243,245,243,240,188,205,130,202,193,136,162,197,268,186,442,307,122,229,180,240,248,262,287,163,226,262,191,213,218,325,241,246,313,235,282,220,330,204,156,248,393,305,225,68,0,531,332,213,139,193,152,84,0,3,325,253,216,216,216,216,216,216,216,216,216,216,216,216,216,216,216,216,216,0,0,218.055555555556,0
"161",161,"MT1C-K",369,256,357,308,287,331,284,275,247,274,244,283,297,172,357,268,366,272,263,304,190,269,143,200,217,275,128,285,171,129,340,124,167,219,219,186,256,131,201,143,184,199,148,204,110,232,112,133,217,126,562,303,194,280,112,180,87,0,244,74,0,0,364,144,130,308,381,107,114,141,192,91,173,68,189,150,154,192,218,149,155,168,164,150,176,149,163,163,163,163,163,163,0,0,166.222222222222,0
"162",162,"MT2",56,58,42,71,67,59,75,55,72,76,64,60,69,58,49,58,29,61,43,42,65,41,52,53,59,23,33,52,26,27,26,28,28,44,49,34,45,28,33,25,0,0,122,-12,0,69,54,41,45,1,0,106,46,43,11,33,49,41,33,24,25,0,0,0,0,314,17,47,44,24,38,48,34,14,45,42,40,58,47,42,45,46,51,46,46,44,45,46,45,60,50,50,0,0,47.1111111111111,0
"163",163,"MT3",61,53,50,55,45,48,23,41,27,45,51,21,45,2,87,19,41,21,38,42,20,34,57,18,42,36,29,20,32,7,31,47,25,10,19,7,31,26,19,15,20,28,14,27,31,13,18,21,31,31,173,67,0,0,0,0,94,50,19,28,27,19,158,86,41,98,39,36,10,0,0,0,0,0,156,18,8,5,3,0,5,2,0,3,5,8,156,17,2,5,4,-1,0,1,22,0
"164",164,"MTF",732,658,523,589,648,654,430,779,605,717,495,510,499,737,692,792,965,1458,760,565,638,575,711,377,624,286,584,455,393,384,501,470,299,560,448,255,501,347,298,379,416,347,351,377,468,387,381,362,493,420,330,738,533,519,374,531,470,640,359,485,414,339,510,453,328,978,529,356,317,357,744,276,317,308,357,384,398,542,398,351,333,363,380,197,363,274,333,300,357,464,423,293,0,0,361.666666666667,0
"165",165,"MTO",59,57,64,91,52,93,101,109,59,56,102,83,80,34,77,77,104,35,76,55,43,57,71,71,33,23,265,36,45,239,38,45,63,46,174,91,58,45,103,159,167,117,127,80,86,92,91,87,141,98,124,105,66,65,42,13,69,39,57,50,48,1,0,120,130,100,36,69,88,33,166,0,0,0,99,79,90,112,62,49,59,50,105,54,53,31,97,63,93,123,58,41,0,0,73.2222222222222,0
"166",166,"MTOC",70,42,76,31,38,31,52,74,73,46,52,40,66,62,36,50,52,24,85,6,92,31,51,33,12,90,37,29,31,41,57,45,33,36,61,33,68,54,73,96,66,80,65,48,79,100,71,80,88,65,69,56,79,54,65,98,2,152,77,0,0,162,107,49,49,176,62,74,95,144,352,27,244,96,102,102,93,116,108,90,111,121,147,90,134,121,108,125,104,135,121,89,0,0,112.055555555556,0
"167",167,"NAC",247,298,286,253,291,265,183,267,200,261,297,245,252,187,264,297,288,314,232,362,397,194,295,189,199,380,288,236,275,260,269,191,148,303,269,166,310,153,203,205,407,195,270,208,201,272,182,219,251,273,654,487,289,299,274,312,324,420,428,380,191,463,415,234,1791,718,1246,1005,1008,3,3138,629,0,958,1115,647,479,479,479,479,479,479,479,479,479,479,479,479,479,479,479,479,0,0,523.666666666667,0
"168",168,"NCN",54,80,87,85,62,69,83,93,76,73,68,68,158,91,95,66,178,52,62,113,136,62,60,71,8,83,104,109,79,80,99,53,73,236,48,54,102,76,101,122,155,100,74,75,55,91,121,51,79,52,68,98,112,129,66,90,70,95,62,72,100,90,140,94,94,238,92,86,49,107,86,61,116,227,121,119,139,121,94,91,86,143,102,75,100,112,133,132,155,116,97,83,0,0,112.166666666667,0
"169",169,"NRO",40,65,65,75,44,114,8,94,42,73,65,33,70,60,70,0,117,133,47,60,45,141,2,208,69,58,125,45,144,161,67,50,138,146,117,24,106,56,86,86,237,52,130,99,80,326,88,98,89,74,148,105,160,94,57,114,82,99,131,82,125,98,124,62,91,182,65,114,80,79,180,116,8,0,17,10,95,84,61,29,11,29,73,75,8,1,17,9,99,85,38,11,0,0,41.7777777777778,0
"170",170,"NTK",150,161,143,115,136,129,174,143,133,191,124,143,110,120,158,133,152,89,135,124,127,135,86,69,125,110,113,163,36,181,111,149,56,159,123,101,183,69,104,132,132,67,153,94,119,96,108,88,147,122,83,10,214,122,145,142,116,79,118,70,181,94,181,86,161,362,159,85,228,127,366,117,135,124,174,172,174,176,177,175,171,173,171,166,172,169,172,163,170,167,167,163,0,0,170.666666666667,0
"171",171,"OCU",124,102,111,114,79,118,130,127,69,77,164,110,145,134,134,122,123,138,113,157,93,115,104,101,134,125,84,122,123,154,88,149,101,219,179,68,133,146,98,109,192,83,186,111,119,122,230,113,0,254,35,169,145,106,0,0,265,173,110,108,72,103,206,148,145,244,132,94,114,84,258,119,94,90,119,104,104,136,70,111,80,87,189,113,101,122,100,100,112,131,85,201,0,0,114.722222222222,0
"172",172,"OM3",125,152,138,83,242,80,76,83,107,131,112,47,129,81,175,52,232,82,123,141,69,110,62,135,149,108,76,90,150,124,92,147,147,68,151,108,98,90,111,143,120,77,132,77,124,125,115,102,158,152,221,77,180,82,135,204,91,91,114,151,115,114,172,199,165,350,152,167,107,93,230,183,68,134,155,144,161,144,144,151,140,140,147,141,145,143,148,141,158,139,138,147,0,0,145.888888888889,0
"173",173,"OMG",91,111,111,100,136,118,57,82,51,67,125,89,122,72,107,85,108,98,82,85,109,116,131,74,126,173,173,141,137,99,155,123,141,142,112,107,115,148,124,168,124,124,175,113,135,147,132,111,139,149,213,202,171,141,104,165,110,138,91,154,182,148,128,111,123,384,129,126,112,91,210,49,75,102,121,118,119,128,119,118,117,115,117,114,116,115,116,115,115,125,118,119,0,0,118.055555555556,0
"174",174,"OST2",6,22,35,16,11,35,32,30,30,24,16,39,22,15,29,70,24,25,33,5,31,22,16,19,18,26,25,16,14,22,31,37,18,56,29,14,18,19,27,15,24,30,56,48,42,24,34,20,31,38,47,18,8,11,20,45,37,25,30,32,30,35,14,27,43,80,25,28,28,54,70,31,27,7,28,28,28,28,28,28,28,28,28,28,28,28,28,28,28,28,28,28,0,0,28,1
"175",175,"OSTC",367,138,173,176,218,143,185,165,165,165,165,166,134,191,147,133,128,113,120,192,101,123,189,80,169,131,112,180,60,85,202,112,143,188,194,59,218,130,190,206,166,158,153,156,91,267,69,203,236,104,292,190,206,220,88,205,149,149,159,236,70,0,390,129,181,424,183,178,120,203,358,160,102,0,128,102,83,143,121,93,46,113,115,81,46,36,110,102,115,119,121,93,0,0,98.1666666666667,0
"176",176,"PGN2",265,211,318,407,143,282,218,212,342,276,299,288,319,281,276,317,313,333,327,429,332,351,311,263,285,333,295,338,259,247,331,350,298,376,342,259,268,353,208,381,364,349,286,286,193,400,287,216,256,237,210,402,266,371,246,426,384,241,243,184,205,270,274,232,140,496,288,181,160,220,416,80,298,126,219,241,218,242,227,242,230,243,243,226,232,236,231,259,238,259,246,258,0,0,238.333333333333,0
"177",177,"PHS",162,80,82,109,144,106,153,141,104,97,181,128,93,83,92,141,115,117,145,91,122,135,147,72,132,68,92,88,84,98,59,130,124,119,132,67,121,112,114,134,114,106,111,113,90,126,89,78,116,166,102,147,98,123,78,116,86,64,0,293,111,42,73,150,85,234,163,87,140,127,290,48,208,79,146,88,131,61,101,125,109,116,59,114,72,139,109,115,114,114,114,114,0,0,107.833333333333,0
"178",178,"PPSC",0,0,0,0,0,0,0,0,0,0,0,0,0,0,0,0,0,0,0,0,0,0,0,0,0,0,0,0,0,0,0,0,0,0,0,0,0,0,0,0,0,0,0,0,0,0,0,0,69,110,130,62,60,76,99,74,63,53,53,50,105,91,84,88,85,842,134,198,136,156,10,0,0,0,80,80,80,80,80,80,80,80,80,80,80,80,80,80,80,80,80,80,0,0,80,1
"179",179,"PPSV",0,0,0,0,0,0,0,0,0,0,0,0,0,0,0,0,0,0,0,0,0,0,0,0,0,0,0,0,0,0,0,0,0,0,0,0,0,0,0,0,0,0,0,0,0,0,0,0,83,158,142,61,97,108,98,106,121,75,67,66,167,81,79,151,79,536,3,0,0,0,0,0,0,0,0,0,0,340,0,0,0,0,0,0,0,0,0,0,0,340,0,0,0,0,37.7777777777778,0
"180",180,"PRN",187,264,203,252,225,209,207,346,216,268,261,152,476,271,399,282,209,272,392,300,306,219,133,377,217,269,258,171,199,204,219,243,265,267,259,221,357,246,178,312,207,224,51,502,255,240,169,272,281,270,485,483,212,330,525,460,196,451,706,288,265,0,1039,270,318,786,273,271,220,10,1512,59,0,533,629,254,351,402,254,739,84,84,726,111,106,280,402,344,739,329,344,534,0,0,372.888888888889,0
"181",181,"PRT",81,190,133,182,143,198,74,167,152,197,176,40,342,147,178,165,231,159,143,181,96,181,247,134,201,114,195,144,212,177,183,182,170,153,145,137,165,175,183,143,153,177,153,167,159,124,236,116,196,188,0,396,113,197,128,151,219,164,182,110,208,137,147,136,246,462,241,204,149,153,318,144,191,178,182,192,197,206,188,191,184,193,208,166,211,191,183,194,194,198,185,185,0,0,191.555555555556,0
"182",182,"PSF",198,220,278,247,230,311,255,214,251,169,221,241,211,202,212,103,176,115,141,195,137,180,128,143,167,134,164,137,174,99,144,234,112,182,142,89,195,124,196,193,178,207,159,213,165,250,129,160,169,177,322,284,186,240,321,227,273,242,232,184,250,162,330,215,229,392,250,243,175,207,424,208,203,165,255,220,235,286,227,236,207,224,294,229,219,217,233,233,233,233,233,233,0,0,235.944444444444,0
"183",183,"PTG",66,67,38,73,41,62,45,44,33,41,108,35,50,8,28,48,51,26,19,27,54,38,34,39,67,68,25,53,62,30,87,65,70,47,77,26,38,228,18,45,61,10,16,22,41,30,25,19,16,10,26,76,38,9,11,44,28,30,21,14,10,13,3,66,37,80,47,21,34,9,26,21,29,22,29,29,29,29,29,29,29,29,29,29,29,29,29,29,29,29,29,29,0,0,29,1
"184",184,"PYC6",66,62,54,35,110,38,53,92,60,39,85,37,68,61,51,75,72,57,53,90,20,70,50,32,62,61,53,46,60,45,98,46,48,62,94,24,67,98,76,118,77,71,125,83,80,126,101,107,61,97,189,84,31,171,120,102,107,72,101,78,92,115,92,80,118,266,158,47,65,33,196,52,60,59,57,41,91,151,45,47,45,50,119,49,56,54,59,50,91,151,63,47,0,0,70.3333333333333,0
"185",185,"QBF",67,99,103,126,107,112,69,135,133,133,109,114,151,133,142,202,167,117,156,177,109,148,28,283,123,59,43,0,0,378,105,152,124,127,103,101,174,107,131,175,119,121,114,124,117,37,213,139,145,141,741,449,143,453,152,325,285,289,281,439,542,167,553,240,377,770,350,570,684,1185,430,629,441,521,592,599,606,613,620,627,634,641,648,655,662,669,676,683,690,697,704,711,0,0,651.5,0
"186",186,"RES",120,136,107,154,137,120,133,159,155,141,115,219,96,88,162,101,99,115,87,151,122,81,134,85,81,121,119,82,142,78,69,104,115,107,190,107,113,106,112,98,117,108,86,80,113,124,196,190,124,109,198,161,105,109,125,116,125,153,128,185,77,225,136,101,103,196,128,130,125,120,332,105,0,-4,38,31,32,32,31,36,45,48,102,76,45,48,52,46,47,47,46,48,0,0,47.2222222222222,0
"187",187,"S123-C180",137,105,197,114,182,169,100,162,182,43,133,94,126,127,67,89,64,48,53,119,65,122,60,45,60,53,60,123,64,19,78,31,55,64,38,71,46,31,78,51,52,31,37,27,36,35,48,31,48,32,71,68,18,56,46,59,28,50,40,54,46,83,49,60,58,100,39,106,222,67,110,20,43,30,57,54,61,45,65,42,6,55,42,71,64,65,57,57,57,57,57,57,0,0,53.8333333333333,0
"188",188,"S221-C120",185,165,193,171,257,147,217,358,215,160,190,154,145,149,329,170,137,225,188,197,226,339,275,102,202,59,234,165,130,222,176,175,156,264,192,109,234,126,86,196,99,170,87,99,109,145,105,89,183,101,129,187,109,112,143,186,149,112,68,232,111,120,165,138,165,628,258,245,124,194,754,169,288,146,281,277,277,281,279,280,277,279,280,266,269,265,270,260,259,263,262,263,0,0,271.555555555556,0
"189",189,"SAM",65,138,72,64,74,73,147,8,51,143,86,98,27,108,150,47,96,166,128,114,73,104,100,114,49,130,71,56,141,83,208,136,113,10,149,189,43,191,36,39,21,43,59,42,79,31,65,83,79,78,123,7,0,0,0,0,0,0,0,0,203,42,80,59,88,126,48,111,67,96,216,29,44,0,66,65,65,67,70,65,66,66,73,69,68,71,71,69,71,74,77,73,0,0,69.2222222222222,0
"190",190,"SAM60",184,183,164,259,142,160,179,202,244,129,204,136,178,170,199,109,95,127,399,75,112,111,185,117,137,102,130,119,128,158,43,295,155,181,237,110,138,118,196,234,252,117,181,154,95,183,224,151,234,152,180,175,0,0,0,2,0,0,0,0,385,52,95,93,116,236,95,115,113,137,366,109,243,89,147,147,147,147,147,147,147,147,147,147,147,147,147,147,147,147,147,147,0,0,147,1
"191",191,"SBP-180",0,0,0,0,0,0,0,0,0,0,0,0,0,0,0,0,0,0,0,0,0,0,0,0,0,0,0,0,0,0,0,0,3,23,23,26,18,9,9,7,16,23,24,24,31,32,26,9,34,29,33,13,-1,70,10,22,40,25,27,18,28,28,8,82,39,86,47,33,31,19,70,1,0,0,12,12,12,12,12,12,12,12,12,12,12,12,12,12,12,12,12,12,0,0,12,1
"192",192,"SLM",131,188,133,175,137,127,128,79,101,105,101,91,102,65,121,281,62,118,154,217,101,206,149,129,52,135,183,114,98,104,104,69,75,79,85,49,95,83,96,79,53,107,109,50,95,86,65,52,79,83,60,60,122,59,79,41,80,23,0,0,173,82,78,0,172,84,95,32,22,36,208,55,32,68,75,65,45,61,68,32,32,45,53,13,33,53,75,44,13,58,59,16,0,0,46.6666666666667,0
"193",193,"SMB12",245,455,193,150,148,147,284,134,188,156,150,250,169,163,207,286,120,198,225,157,215,219,126,171,99,166,200,288,276,270,260,305,302,356,314,238,332,220,279,215,227,351,200,270,219,293,248,226,271,173,485,334,201,381,125,196,174,231,208,345,251,187,287,260,133,556,166,210,226,81,678,188,277,145,287,255,262,261,261,261,261,261,261,261,261,261,261,261,261,261,261,261,0,0,262.166666666667,0
"194",194,"SPF",79,47,69,88,92,71,89,100,76,123,130,98,116,47,92,79,102,101,86,77,84,58,61,76,101,58,0,0,172,165,84,67,107,87,133,51,103,66,61,65,94,90,46,84,63,105,89,89,75,73,100,63,52,51,83,38,78,89,62,56,56,48,66,153,45,176,70,71,27,72,206,34,101,49,50,59,102,116,59,68,66,83,111,66,84,54,36,46,118,127,43,66,0,0,75.2222222222222,0
"195",195,"SRA",19,18,49,26,22,27,56,31,24,53,32,24,36,73,60,51,76,80,37,52,13,41,42,44,61,27,86,52,65,47,41,20,51,56,47,24,33,12,63,46,31,23,84,34,91,68,21,12,52,18,35,55,16,58,40,38,42,37,45,19,3,63,22,22,18,84,18,68,31,57,16,0,0,0,0,0,5,12,0,9,6,8,4,0,3,3,-1,0,11,14,0,6,0,1,4.44444444444444,0
"196",196,"SRA180",24,38,74,47,35,60,47,52,33,49,22,50,29,41,56,38,25,54,41,36,30,49,36,33,44,52,64,39,77,44,53,54,46,81,48,24,38,24,59,39,37,30,38,24,76,33,39,23,58,27,52,19,26,22,26,34,33,27,45,14,59,36,27,85,20,74,43,60,34,40,26,0,0,0,48,37,34,34,32,29,42,39,29,13,27,21,47,36,39,26,29,19,0,0,32.2777777777778,0
"197",197,"STR",202,131,147,218,192,159,59,222,169,186,167,158,186,102,233,154,150,141,271,215,128,142,229,108,116,110,128,177,119,230,113,228,59,75,128,53,332,79,84,181,72,91,101,239,62,139,93,234,43,113,80,243,55,133,0,0,0,429,79,0,0,331,183,86,74,128,191,77,66,178,104,68,97,68,99,126,57,99,92,156,27,93,84,98,102,68,87,106,35,83,97,186,0,0,94.1666666666667,0
"198",198,"TAU",109,100,106,57,61,90,55,85,105,84,54,112,66,178,109,115,181,149,139,174,145,123,172,75,164,136,183,118,140,130,131,133,95,83,131,104,71,123,105,179,113,168,111,97,136,84,97,103,80,84,60,169,66,109,126,83,111,134,145,80,90,137,126,165,164,116,134,100,123,80,268,56,71,16,99,102,101,105,101,107,106,101,106,98,94,103,102,105,113,115,118,115,0,0,105.055555555556,0
"199",199,"TB2",0,0,0,0,0,0,0,0,0,0,0,0,0,0,0,0,0,0,0,0,0,0,0,0,0,0,0,0,0,9,109,57,60,65,76,35,97,53,75,96,74,17,135,47,57,114,51,94,53,54,129,103,48,3,0,254,57,59,87,86,53,47,57,97,104,126,88,68,21,55,102,0,122,36,69,59,56,54,55,56,54,55,55,54,55,54,54,55,55,54,55,56,0,0,55.8333333333333,0
"200",200,"TFV",24,32,9,24,48,11,9,48,27,35,44,6,30,52,34,4,22,19,30,20,13,31,0,51,15,55,45,25,83,54,87,25,38,42,46,31,26,6,27,41,18,16,13,17,41,23,83,22,14,32,15,82,33,40,56,57,36,18,23,27,33,26,42,27,38,58,28,19,36,9,52,13,22,15,28,27,31,28,28,29,28,27,34,26,27,28,27,27,31,27,28,28,0,0,28.2777777777778,0
"201",201,"TGST",50,79,56,47,64,62,101,77,42,63,65,27,78,94,63,70,54,59,88,110,43,63,63,22,74,120,64,18,46,47,48,98,49,52,72,68,59,36,22,124,39,20,48,55,42,0,0,0,229,10,74,184,45,34,43,55,39,48,32,36,57,28,0,0,65,102,0,0,0,141,84,15,38,20,6,5,19,32,39,53,27,96,44,31,13,41,4,9,53,47,39,42,0,0,33.3333333333333,0
"202",202,"TRB",257,238,244,305,226,295,273,271,155,344,306,195,242,179,229,184,282,238,269,196,149,193,177,149,175,91,74,122,110,125,158,135,99,132,89,94,73,70,114,115,134,83,122,72,96,76,131,91,42,102,127,0,0,0,377,67,36,0,0,362,65,65,69,60,96,102,0,0,267,100,134,0,0,0,42,39,36,33,30,27,24,21,18,15,12,9,6,3,0,-3,-6,-9,0,1,16.5,0
"203",203,"TVN",42,50,47,41,50,31,102,51,68,84,74,43,89,3,114,-3,59,34,31,56,128,39,37,46,31,34,78,34,27,35,81,48,39,65,75,44,31,41,54,70,43,64,86,62,56,75,92,101,86,65,69,27,65,84,64,51,52,79,72,43,53,51,115,32,48,174,69,44,53,75,70,58,8,53,67,51,55,61,65,58,63,63,64,59,54,50,64,47,54,61,61,57,0,0,58.5555555555556,0
"204",204,"TYR",87,74,113,118,103,64,131,83,141,78,92,119,146,80,63,95,96,73,97,98,144,84,103,67,93,158,120,46,125,160,60,67,98,116,158,36,73,107,97,66,99,115,77,99,76,81,38,73,121,57,97,132,143,117,84,99,97,81,91,102,53,68,126,67,176,248,85,54,57,33,190,19,58,52,106,70,119,139,78,83,91,84,106,58,89,82,112,52,117,154,67,86,0,0,94.0555555555556,0
"205",205,"UND",68,77,81,62,103,89,48,71,119,75,73,43,72,62,50,44,109,138,90,51,64,103,33,74,64,70,62,53,136,183,67,67,139,72,98,0,127,37,55,38,43,68,139,59,22,135,37,78,27,29,36,56,44,50,41,87,30,0,69,90,30,2,0,102,34,58,59,35,66,15,24,66,10,40,55,71,24,58,53,35,74,12,58,69,13,39,38,65,36,67,62,51,0,0,48.8888888888889,0
"206",206,"V012-15",73,105,59,132,78,86,69,104,68,51,91,113,119,74,63,68,78,92,74,67,39,73,51,45,51,61,69,54,70,52,107,65,40,89,74,51,77,69,81,92,57,60,65,122,56,133,147,136,109,54,163,80,78,137,68,93,82,145,75,109,87,131,134,98,91,132,0,0,0,0,0,322,68,-4,-4,-4,-4,-4,-4,-4,-4,-4,11,11,11,-4,-4,-4,-4,-4,-4,-4,0,1,-1.5,0
"207",207,"V020-03",52,102,54,150,100,38,94,105,140,85,44,130,125,46,134,98,121,128,71,83,155,86,100,21,110,57,90,79,83,103,81,88,77,92,62,54,75,40,106,75,78,71,95,95,71,145,75,84,113,91,135,99,53,105,97,96,69,79,99,103,127,59,138,125,57,236,141,124,72,76,204,63,100,73,104,102,88,131,107,103,91,92,124,86,95,92,95,95,95,95,95,95,0,0,99.1666666666667,0
"208",208,"V033-25",198,302,179,212,158,263,209,283,276,237,246,182,291,237,184,270,214,180,208,229,193,184,106,399,192,90,178,169,162,157,108,130,148,144,250,109,127,198,150,119,68,156,108,147,114,188,146,76,169,107,234,148,85,199,142,200,149,192,117,51,247,48,52,79,88,102,140,65,33,89,74,73,50,78,66,80,77,91,93,69,45,88,82,97,53,69,63,77,78,91,102,71,0,0,77.3333333333333,0
"209",209,"V060-01",727,416,526,407,374,548,438,552,502,429,643,485,785,531,525,539,492,394,583,694,527,1020,895,442,805,733,619,278,480,366,498,437,558,674,577,509,630,492,423,402,613,261,466,238,611,623,533,492,434,565,3917,2324,526,473,484,504,602,455,584,858,552,345,676,738,335,1058,447,0,733,402,718,706,0,0,630,118,50,160,92,-18,144,114,85,167,50,134,630,118,74,131,91,42,0,1,156.222222222222,0
"210",210,"V084-02",196,473,223,208,456,141,165,495,173,165,490,151,178,216,440,180,126,212,350,152,134,625,99,196,179,113,104,141,114,99,112,108,164,101,140,130,146,146,61,199,104,109,201,79,171,77,91,136,150,116,136,0,206,117,89,77,94,113,121,180,134,120,145,145,145,166,152,79,97,116,214,94,72,0,26,30,33,28,12,96,15,20,5,18,13,2,26,21,97,36,12,9,0,0,27.7222222222222,0
"211",211,"V085-10",1409,1309,1341,1235,1337,1456,1193,1377,1274,1132,1515,1013,1244,1116,1189,1071,1076,1049,1194,1065,835,1553,1268,1485,1199,1390,717,783,953,768,838,783,664,970,964,554,1015,843,973,1065,848,704,911,773,710,1066,865,498,902,798,1272,1247,470,1172,488,742,918,687,695,959,935,796,895,850,667,1038,778,635,650,363,1734,450,843,364,471,474,425,435,398,383,337,227,1034,308,573,354,465,486,434,439,433,416,0,0,449.555555555556,0
"212",212,"V086-06",584,609,612,560,695,582,599,765,756,708,660,547,536,625,632,444,534,469,460,606,457,663,466,408,687,268,379,449,300,311,325,341,311,380,345,255,340,302,222,486,303,227,331,229,271,438,285,147,430,312,394,228,210,266,241,256,231,263,168,211,203,182,215,195,186,530,222,198,159,136,308,179,157,158,167,149,210,189,163,182,156,154,240,180,178,189,207,149,210,180,163,176,0,0,180.111111111111,0
"213",213,"V105-10",60,124,63,76,75,43,130,118,85,53,41,79,99,41,94,44,88,110,101,90,64,77,69,61,96,106,114,58,63,107,62,75,77,119,156,65,108,79,44,91,50,93,107,47,62,177,131,52,82,54,225,72,102,107,99,104,81,112,111,89,87,37,164,81,59,184,92,102,57,78,122,72,67,3,79,7,27,30,27,28,12,19,30,17,51,11,49,7,28,22,27,30,0,0,27.8333333333333,0
"214",214,"V106-10",301,282,376,278,262,287,250,348,263,280,489,269,423,263,446,252,427,265,279,430,494,668,395,341,422,521,288,413,295,225,214,355,203,362,350,129,299,345,312,399,269,191,274,318,299,119,283,326,349,0,602,440,195,334,285,260,249,166,341,333,347,249,254,333,275,736,364,236,192,287,356,196,304,129,322,356,276,267,239,301,259,276,323,251,311,209,284,391,292,209,224,304,0,0,283,0
"215",215,"V120-26",12,33,30,29,24,29,10,9,24,24,17,22,10,39,33,3,53,13,19,19,30,13,14,21,21,24,26,17,26,36,23,13,7,17,32,11,20,42,14,16,29,39,25,61,9,101,13,46,19,35,167,0,260,27,35,36,34,98,80,40,15,0,167,21,24,76,62,32,19,45,86,25,104,12,67,47,54,52,53,52,52,52,52,52,52,52,52,52,52,52,52,52,0,0,52.7222222222222,0
"216",216,"V121-25",121,89,158,67,88,76,89,71,96,134,115,104,56,71,90,124,117,57,114,132,148,41,0,163,139,167,184,90,92,90,112,136,117,119,127,129,96,83,36,69,37,69,58,81,55,94,43,125,85,86,239,887,405,337,235,183,285,185,233,192,333,255,178,93,151,162,171,211,166,229,6,275,317,131,165,179,185,187,188,189,189,189,189,189,189,189,189,189,189,189,189,189,0,0,186.722222222222,0
"217",217,"V127-10",110,109,165,94,104,75,118,176,122,86,122,97,214,232,264,222,191,235,136,280,161,180,186,171,273,285,70,230,130,166,124,142,276,197,247,153,308,187,249,282,287,147,223,209,321,210,143,212,372,249,565,686,319,368,402,437,498,471,238,352,273,194,316,222,175,400,296,201,214,227,560,144,267,244,283,275,275,275,273,276,275,274,276,273,277,275,273,276,273,268,267,271,0,0,274.166666666667,0
"218",218,"V134-10",106,119,93,86,124,101,99,178,90,89,50,91,142,98,69,88,62,57,94,75,71,86,56,0,199,87,61,75,75,69,79,129,138,69,126,87,62,51,110,89,84,60,106,95,64,87,56,113,80,93,97,86,62,88,87,96,73,130,51,46,1,193,128,68,1,540,123,174,85,68,120,24,113,86,95,95,95,95,95,95,95,95,95,95,95,95,95,95,95,95,95,95,0,0,95,1
"219",219,"V135-06",65,69,44,67,104,96,43,98,154,50,143,134,79,61,82,100,93,57,104,145,103,75,101,68,94,27,124,88,72,81,81,30,49,172,81,50,69,76,91,73,62,140,105,70,88,29,43,33,43,63,122,64,-1,152,45,56,235,187,99,149,115,109,132,73,180,158,109,94,95,166,240,118,56,247,151,147,148,148,147,148,142,141,143,138,137,135,137,136,138,138,136,139,0,0,141.611111111111,0
"220",220,"V171-10",116,122,63,90,130,165,100,76,90,96,91,75,163,70,98,97,98,49,82,110,89,115,100,36,77,40,38,75,41,37,64,43,27,39,49,60,75,38,41,57,34,59,49,26,56,60,56,48,44,63,86,96,123,65,23,31,77,42,43,32,45,37,52,37,31,60,52,29,24,8,82,50,22,33,33,32,31,30,29,28,27,26,25,24,23,22,21,20,19,18,17,16,0,0,24.5,0
"221",221,"V206-10",137,148,147,121,114,93,75,177,76,199,102,73,135,107,40,188,113,153,70,78,137,123,91,92,147,81,119,97,128,91,138,72,79,133,50,74,111,82,129,57,113,102,88,90,143,88,110,28,145,92,118,65,59,73,92,66,105,85,67,61,118,64,117,92,48,198,117,65,96,80,162,46,86,71,107,93,93,93,93,93,93,93,93,93,93,93,93,93,93,93,93,93,0,0,93.7777777777778,0
"222",222,"V209-10",176,278,330,292,260,290,185,322,247,267,213,211,101,552,180,260,207,173,234,245,190,294,197,145,296,196,155,177,234,184,110,214,166,176,219,123,228,184,105,139,88,192,169,90,177,167,123,121,145,186,202,215,96,213,48,106,99,127,138,165,110,83,131,103,85,230,106,86,94,97,194,38,237,45,106,63,63,110,58,56,60,82,120,70,179,50,33,72,70,144,75,61,0,0,81.7777777777778,0
"223",223,"V293-06",107,143,122,147,165,155,112,85,119,145,159,117,184,177,0,251,219,162,148,145,129,146,190,184,87,150,163,105,201,96,75,162,81,120,175,56,146,133,113,95,159,69,100,73,63,54,78,94,107,103,196,131,74,157,92,168,89,127,88,115,83,157,94,169,140,244,108,97,126,118,392,148,144,13,130,130,130,130,130,130,130,130,130,130,130,130,130,130,130,130,130,130,0,0,130,1
"224",224,"V430-03",267,216,312,275,281,188,215,252,219,220,276,230,271,59,355,205,139,266,312,290,288,278,478,188,367,210,183,167,90,181,129,146,235,195,313,153,140,173,191,219,72,259,231,135,135,191,172,139,200,194,406,361,182,216,263,395,320,463,141,330,237,284,157,416,238,350,311,82,201,242,244,235,133,66,232,232,232,232,232,232,232,232,232,232,232,232,232,232,232,232,232,232,0,0,232,1
"225",225,"V432-09",82,70,48,69,64,55,55,82,58,35,50,56,82,55,72,48,44,44,57,46,46,54,89,5,64,58,9,0,79,103,56,106,103,50,83,49,74,74,57,78,75,70,65,67,37,95,63,54,97,38,20,168,80,97,49,75,0,220,34,37,33,0,107,129,29,118,88,105,86,89,152,0,0,0,62,73,78,96,77,92,72,85,90,42,80,60,62,54,87,104,86,96,0,0,77.5555555555556,0
"226",226,"V433-09",499,390,529,385,577,558,416,475,616,392,706,487,539,543,509,521,427,432,724,585,567,984,497,426,851,421,549,437,345,328,370,322,441,484,469,408,517,454,463,451,1052,395,614,410,598,726,371,350,565,547,565,976,434,709,627,592,607,671,547,264,887,529,705,700,394,1218,773,760,0,0,984,0,0,0,27,4,165,227,6,48,7,-3,75,7,35,-21,-21,2,152,71,6,40,0,1,45.9444444444444,0
"227",227,"V434-09",89,50,118,42,70,48,71,49,103,65,34,95,59,28,88,48,45,71,57,74,33,61,98,46,70,99,59,32,13,67,47,95,76,71,88,81,59,76,53,62,47,26,121,43,46,66,34,69,98,27,16,168,19,60,59,42,62,34,27,61,57,22,35,101,68,70,85,48,16,57,118,65,17,99,88,56,70,72,43,89,47,38,98,67,46,82,74,54,81,70,40,87,0,0,66.7777777777778,0
"228",228,"V503-15",200,117,222,88,93,151,186,79,235,182,138,165,173,125,145,116,126,137,129,136,77,316,127,138,173,109,215,58,172,292,122,120,87,148,169,71,125,146,81,105,139,99,121,87,98,158,114,117,166,46,-1,627,116,144,94,148,123,167,167,139,6,251,169,144,6,0,0,0,0,0,1946,115,84,53,52,52,52,52,52,52,52,52,52,52,52,52,52,52,52,52,52,52,0,0,52,1
"229",229,"V604-15",64,11,83,54,61,60,41,48,32,48,98,28,86,69,63,69,123,111,172,106,68,61,50,83,78,82,22,26,74,44,49,39,24,62,60,29,36,26,36,63,32,41,60,60,28,45,27,31,70,31,73,77,34,63,51,47,44,39,96,65,85,74,51,72,45,84,45,38,55,23,166,28,47,19,47,58,58,55,64,51,33,47,65,43,61,34,44,60,59,45,64,51,0,0,52.1666666666667,0
"230",230,"V701-26",45,61,39,76,84,52,48,48,67,109,54,49,11,102,89,53,37,83,51,56,34,113,54,61,114,64,78,37,72,70,40,53,37,88,72,65,67,34,70,38,74,38,45,48,21,62,58,73,55,108,222,1,286,411,91,93,53,112,89,53,123,43,92,43,27,50,84,84,59,50,0,0,5,163,109,52,82,66,75,70,73,71,72,72,72,72,72,72,72,72,72,72,0,0,73.2222222222222,0
"231",231,"V770-06",651,782,690,665,967,713,600,679,872,790,658,496,848,561,720,488,786,389,736,568,579,806,603,364,850,423,470,561,410,427,794,278,424,477,502,322,534,383,368,509,448,331,434,313,381,478,243,378,456,272,449,369,209,400,283,386,355,300,307,385,489,333,425,447,237,824,308,274,300,258,492,193,323,188,309,293,262,219,177,177,179,177,276,116,367,247,263,223,281,223,175,181,0,0,230.277777777778,0
"232",232,"V770-06-CN",48,0,0,8,26,5,24,26,36,1,24,12,0,5,10,0,0,0,0,0,24,0,0,13,0,0,24,0,0,0,24,0,0,0,0,0,0,0,3,0,0,0,0,0,0,0,0,0,0,3,0,0,0,0,0,0,0,0,0,1,0,0,0,0,0,0,0,0,0,0,0,0,0,0,0,0,0,0,0,0,0,0,0,0,0,0,0,0,0,0,0,0,1,0,0,1
"233",233,"V771-06",205,104,119,94,148,166,49,123,155,63,139,125,147,155,66,169,95,128,81,188,143,196,177,82,162,170,143,132,140,88,138,99,62,135,107,78,108,74,104,120,73,54,112,74,82,78,37,60,110,49,126,35,88,120,64,74,105,66,94,100,92,88,114,66,101,188,58,106,50,137,250,40,63,81,106,70,172,66,54,121,56,77,161,51,104,66,77,70,172,66,54,107,0,0,91.6666666666667,0
"234",234,"V774-06",195,228,355,253,348,408,399,342,480,363,428,214,404,196,311,340,307,248,290,282,267,377,322,226,356,223,235,174,204,142,262,185,158,303,194,216,144,133,160,247,198,233,209,130,224,176,106,155,231,202,322,139,229,171,175,173,225,122,130,188,261,135,278,220,167,322,248,138,159,144,506,74,166,147,162,164,145,157,178,110,149,181,170,112,127,88,108,170,111,125,158,76,0,0,138.388888888889,0
"235",235,"V775-06",5116,5113,4642,5410,5249,4444,3950,5467,4256,4631,4695,4239,5342,4817,4934,5024,5192,4611,4741,5953,5570,7538,6108,5007,7232,6502,5792,4621,4375,4036,3797,3407,3439,4544,3673,2562,4079,3180,3347,3711,3165,3419,3373,2713,3219,3307,2683,2734,3405,2970,5271,3297,2128,3331,2426,2878,2977,3284,2681,2903,3647,2827,3217,3144,2511,6494,2994,3117,2860,1387,8316,2500,3137,2292,3314,3314,3314,3314,3314,3314,3314,3314,3314,3314,3314,3314,3314,3314,3314,3314,3314,3314,0,0,3314,1
"236",236,"V775-06-CN",60,18,105,12,146,9,25,91,27,98,36,6,32,55,116,75,8,98,33,51,2,3,36,50,24,84,34,10,12,24,72,5,0,0,3,48,0,60,0,0,0,60,0,0,52,0,4,0,63,11,0,0,0,75,0,6,48,0,0,37,48,12,24,12,30,96,12,36,0,0,0,0,36,3,18,1,-3,44,10,-2,4,-16,-10,3,15,7,5,1,-24,47,14,-20,0,1,5.22222222222222,0
"237",237,"V775-12",2352,2341,2338,2537,2129,1810,2018,2882,2291,2489,2253,1835,2627,2066,2068,2297,2102,2372,2062,2199,2226,2644,1753,1718,2754,1956,1978,1805,1710,1503,1735,1408,1648,2086,2107,1313,1844,1531,1559,1906,1378,1340,1635,1237,1736,1490,1362,1364,1732,1607,1904,2097,1374,2130,1160,1228,1245,1398,1327,1477,1744,1491,1831,1574,1466,2858,1384,1284,1518,1066,2842,1158,860,1503,1375,1541,1445,2110,1587,1514,1691,1344,2097,1394,1192,1608,1477,1619,1488,1450,1480,1573,0,0,1554.72222222222,0
"238",238,"V775-12-CN",25,42,62,22,65,63,6,17,24,52,51,15,30,23,50,22,24,18,15,23,28,26,24,16,24,12,48,13,12,25,15,24,1,25,27,25,12,0,7,0,13,0,0,0,0,0,0,0,0,15,0,3,0,0,0,12,0,13,0,0,12,19,2,18,0,0,25,0,2,1,0,0,14,13,1,2,0,0,0,2,23,5,0,21,12,13,1,2,1,19,2,2,0,0,5.88888888888889,0
"239",239,"V776-06",647,691,687,624,866,929,733,901,1153,842,712,563,782,667,841,743,729,697,826,740,908,937,803,1092,1231,772,842,520,392,552,453,425,425,514,517,267,689,387,480,502,554,517,368,413,491,388,366,306,666,454,799,616,317,470,313,421,484,381,392,522,420,474,599,464,580,1488,0,0,625,0,744,409,0,0,409,288,293,463,179,191,353,241,315,207,309,156,317,207,224,355,123,107,0,0,263.166666666667,0
"240",240,"V776-06-CN",0,0,1,0,29,0,0,0,3,0,0,12,0,0,14,6,3,24,0,18,0,0,0,0,24,24,0,36,0,0,0,24,0,0,12,24,0,12,12,12,0,36,12,0,48,0,0,0,48,0,0,0,0,0,0,0,48,0,0,0,24,0,0,0,6,24,12,28,2,0,0,0,12,0,6,6,8,8,5,7,12,4,5,6,11,5,5,7,6,9,6,8,0,0,6.88888888888889,0
"241",241,"V776-12",265,326,309,225,343,366,261,361,268,374,228,249,319,223,243,273,489,298,338,409,300,351,277,369,373,361,128,373,183,200,295,200,273,257,258,241,265,250,252,180,407,172,305,203,305,265,225,262,227,226,578,268,222,295,212,285,273,218,290,256,216,264,443,299,347,678,277,418,325,384,920,301,324,315,403,391,417,396,392,417,394,398,398,388,412,387,391,388,410,387,385,390,0,0,396.888888888889,0
"242",242,"V776-12-CN",0,0,0,3,0,4,0,2,2,3,0,5,0,2,0,0,0,14,0,3,0,0,0,0,0,0,0,0,0,0,0,0,0,0,0,0,0,0,0,0,0,0,0,0,0,6,0,0,9,0,0,0,0,0,0,0,0,0,2,0,0,0,2,0,0,0,11,7,2,0,0,3,0,2,1,1,1,1,1,1,1,1,1,1,1,1,1,1,1,1,1,1,0,0,1,1
"243",243,"V777",0,0,0,0,0,0,0,0,0,0,0,0,0,0,0,0,0,0,0,0,0,0,0,0,0,0,0,0,0,0,0,0,0,0,0,0,0,0,0,0,0,0,0,0,0,0,466,557,642,540,1023,534,895,740,551,864,729,815,877,795,1065,698,864,835,747,1650,1099,888,744,536,1690,588,0,0,254,254,254,254,254,254,254,254,254,254,254,254,254,254,254,254,254,254,0,0,254,1
"244",244,"V777-60",0,0,0,0,0,0,0,0,0,0,0,0,0,0,0,0,0,0,0,0,0,0,0,0,0,0,0,0,0,0,0,0,0,0,0,0,0,0,0,0,0,0,0,0,0,0,0,0,0,0,0,0,0,0,0,0,0,0,0,0,0,0,0,0,0,0,0,67,201,146,368,230,0,245,215,138,242,215,165,242,165,138,256,138,75,241,215,138,242,138,165,215,0,0,185.722222222222,0
"245",245,"V799-10",84,88,96,87,86,63,78,129,101,55,104,101,114,89,100,148,91,104,113,87,66,90,67,93,116,95,103,46,83,126,43,91,88,104,133,27,105,62,130,237,70,51,79,118,62,253,53,106,75,95,160,322,154,133,179,125,110,133,121,93,112,85,115,91,150,208,107,119,110,123,106,46,111,55,108,117,103,105,104,110,105,112,106,103,104,101,105,116,106,106,102,107,0,0,106.666666666667,0
"246",246,"V800-10",20,7,26,30,36,26,19,31,18,12,19,27,23,14,22,29,29,10,56,18,20,6,22,9,18,4,20,9,31,31,26,12,17,19,2,10,14,9,16,18,14,10,2,22,29,22,13,19,22,29,109,164,20,52,21,9,15,25,38,49,23,34,7,27,12,70,38,57,34,3,76,17,49,15,45,48,45,47,41,39,38,29,36,32,43,37,47,37,58,51,44,44,0,0,42.2777777777778,0
"247",247,"V803-10",159,193,263,132,122,209,163,212,237,243,216,101,383,99,351,262,184,199,203,317,152,373,33,396,142,237,228,92,108,74,121,200,87,160,179,138,120,104,167,152,138,162,202,69,214,151,172,143,206,138,316,311,217,178,147,253,216,220,197,193,330,162,231,193,131,370,218,228,186,194,302,157,159,87,180,158,193,193,193,193,193,193,193,193,193,193,193,193,193,193,193,193,0,0,190.333333333333,0
"248",248,"V804-06",142,147,169,54,149,167,172,128,206,138,158,160,162,123,225,71,321,100,117,201,168,225,205,164,208,61,205,116,147,67,110,84,94,164,247,222,130,216,148,211,164,190,150,239,200,159,283,134,294,250,2232,1606,2032,263,823,1119,726,1130,1115,991,866,1601,586,571,442,1042,554,1000,1297,689,1158,403,898,407,845,849,886,712,854,724,638,815,679,898,754,896,770,768,757,808,767,804,0,0,790.222222222222,0
"249",249,"V827-10",1400,1065,1288,1538,1452,1513,1385,1228,1443,1190,1601,1470,1230,1354,1307,1128,1261,1168,1616,1477,1334,1870,1800,1853,1289,928,2391,1043,1081,1186,1221,971,894,1142,1476,1033,1144,927,1213,1372,981,925,1099,1017,1162,1356,753,995,1414,1007,1272,1882,833,975,946,1200,1079,1286,1067,733,1558,1231,1216,1330,980,2614,1371,916,622,1281,912,1778,1024,1072,1208,1208,1208,1208,1208,1208,1208,1208,1208,1208,1208,1208,1208,1208,1208,1208,1208,1208,0,0,1208,1
"250",250,"V829-06",59,83,75,63,86,105,109,45,175,54,98,70,87,29,81,54,79,106,84,115,124,7,236,65,100,72,110,91,86,58,78,123,100,75,137,71,91,47,155,61,71,106,107,69,83,102,193,55,130,88,194,128,91,79,11,213,98,61,12,0,71,304,145,65,43,208,104,106,98,41,240,116,82,2,112,79,85,97,83,100,103,74,130,81,82,82,115,81,90,98,85,97,0,0,93,0
"251",251,"V910-10",157,163,155,69,171,105,140,102,189,196,134,136,153,119,126,132,292,241,116,380,122,169,113,120,87,166,53,119,104,150,119,118,129,158,176,104,119,59,174,153,105,120,103,113,139,104,51,109,97,33,262,149,231,78,64,81,94,133,47,74,117,66,96,87,69,192,89,118,126,79,170,45,43,105,101,101,101,101,101,101,101,101,101,101,101,101,101,101,101,101,101,101,0,0,101,1
"252",252,"V910-25",16,79,41,25,59,28,76,48,133,23,18,72,60,19,85,43,96,38,73,119,75,101,57,53,79,47,117,53,38,57,23,76,35,33,70,15,22,56,32,77,31,22,12,27,25,42,29,38,25,31,37,29,41,42,13,31,35,35,55,59,31,22,27,29,24,82,25,23,27,37,20,25,22,24,27,27,27,27,27,27,27,27,27,27,27,27,27,27,27,27,27,27,0,0,27,1
"253",253,"V911-10",243,296,105,173,178,238,153,230,194,292,181,182,218,159,322,195,156,171,199,362,273,273,358,222,243,292,163,214,198,185,207,200,187,247,168,103,269,197,188,219,166,191,210,144,236,214,154,105,278,183,180,184,175,187,162,194,188,165,135,182,120,156,163,119,104,568,78,169,76,195,358,92,77,82,127,124,207,133,75,141,79,124,176,95,96,93,154,124,208,105,75,195,0,0,129.5,0
"254",254,"VAC",55,26,24,19,36,20,12,18,26,35,8,10,15,7,44,28,16,11,12,35,19,7,32,8,25,15,34,20,8,14,17,15,25,18,38,15,41,23,62,35,69,32,37,41,62,62,20,97,17,82,99,32,34,47,28,116,34,22,34,70,22,14,24,11,34,76,2,37,69,4,34,13,21,12,12,9,18,19,2,18,19,6,19,13,16,15,12,9,18,19,3,19,0,0,13.6666666666667,0
"255",255,"VCF",38,64,29,24,38,46,28,60,26,51,55,61,50,58,30,19,71,45,20,80,41,50,34,39,76,91,32,41,88,83,28,46,50,44,94,25,94,63,119,167,40,32,48,57,54,48,0,134,150,108,530,-4,11,0,0,38,447,67,81,84,82,53,42,18,29,50,36,46,106,46,122,38,53,23,95,50,60,50,46,58,85,50,66,55,69,58,88,50,57,50,45,61,0,0,60.7222222222222,0
"256",256,"VCW",332,229,246,252,189,248,232,172,256,281,284,148,186,216,288,154,163,251,141,158,264,158,226,119,200,144,218,225,176,174,211,174,189,211,422,173,255,224,243,263,146,155,169,192,157,198,137,145,159,77,582,297,206,29,355,288,47,426,187,242,138,0,482,132,155,306,207,170,56,223,344,265,159,164,299,208,201,203,213,200,197,240,250,205,204,196,299,206,200,204,211,202,0,0,218.777777777778,0
"257",257,"VDK",0,0,0,0,0,0,0,0,0,0,0,0,0,0,0,0,0,0,0,0,0,0,0,0,0,0,0,0,0,0,0,0,0,0,0,0,0,0,1,114,333,396,343,317,241,496,386,399,392,444,1501,823,582,824,607,647,823,799,934,900,923,763,897,760,720,1342,998,922,0,0,1598,647,0,0,448,445,445,445,445,445,445,445,445,446,445,445,436,432,427,427,429,400,0,0,438.611111111111,0
"258",258,"VK2",270,145,339,216,233,294,154,304,257,338,233,257,224,192,217,220,245,252,248,232,244,209,229,189,294,202,189,277,199,209,285,211,194,282,246,158,304,233,191,158,271,199,215,221,232,270,128,176,232,210,332,325,213,268,229,268,254,271,268,212,170,278,155,176,231,374,273,192,154,302,412,193,257,163,220,227,256,253,258,231,227,287,240,198,273,210,196,222,282,234,284,218,0,0,239.777777777778,0
"259",259,"VNZ",27,15,14,26,26,18,39,46,21,9,22,19,26,17,20,30,8,43,34,38,42,40,27,24,27,60,19,21,15,8,7,8,10,25,15,6,10,18,14,8,4,15,19,12,10,23,8,28,8,18,29,31,16,10,19,5,15,12,1,0,46,20,43,41,24,38,14,42,23,21,60,15,19,12,21,21,21,21,21,21,21,21,21,22,22,22,22,22,22,22,22,22,0,0,21.5,0
"260",260,"VTA",127,207,57,246,87,64,149,82,138,126,78,297,103,135,187,163,108,170,82,115,202,120,189,52,306,98,63,250,69,93,96,104,126,122,65,129,123,108,95,101,101,74,142,59,101,108,116,120,165,176,962,12,541,115,255,120,151,177,230,260,185,82,131,167,86,358,170,223,237,124,34,0,537,133,290,268,267,259,260,258,246,242,238,242,275,243,270,246,235,237,238,236,0,0,252.777777777778,0
"261",261,"VTC1",98,113,82,114,41,126,107,69,162,86,117,102,69,65,107,74,58,117,69,84,88,93,71,77,100,86,62,87,62,64,96,136,152,175,139,116,179,112,108,217,98,111,152,159,115,166,104,93,136,241,518,2,0,1785,258,251,205,246,228,300,196,154,244,204,150,510,154,333,418,213,354,167,139,29,207,201,202,242,204,207,202,202,201,197,197,196,199,190,194,229,190,189,0,0,202.722222222222,0
"262",262,"VTD",658,391,600,572,516,409,450,371,347,462,371,344,285,504,527,415,436,207,331,365,342,339,309,438,254,398,409,378,241,308,322,239,232,278,301,220,405,157,242,348,273,165,249,343,246,244,264,193,366,210,713,451,440,255,236,595,488,513,425,571,500,289,333,309,313,664,333,375,323,313,682,201,266,309,355,357,359,361,362,363,365,366,367,368,369,369,370,371,372,372,373,373,0,0,366.222222222222,0
"263",263,"VTD5",1667,1504,1486,1620,1418,1359,1153,1461,1483,1698,1746,1389,1916,1497,1531,1378,1810,1293,1451,1636,1201,1402,1670,1161,1415,1472,1231,1312,1023,799,1197,1238,787,1141,1301,841,1619,920,1124,1185,929,1163,1068,1016,933,1075,1070,883,1438,1264,4226,2085,765,2122,1285,1459,1617,1624,1439,1797,2041,902,1622,1145,1212,2936,1264,1284,1162,1115,0,0,1703,987,1327,1234,859,1165,579,541,549,642,422,331,1839,930,1327,1234,863,1131,579,620,0,0,898.444444444444,0
"264",264,"VTP",257,208,265,176,387,343,141,536,351,281,315,248,242,351,320,187,224,264,419,667,164,206,214,262,303,221,226,358,103,159,322,109,264,310,306,38,269,155,138,161,94,343,180,226,112,403,103,86,223,226,543,238,192,98,154,4,290,96,119,145,155,139,182,9,176,212,88,91,0,0,302,37,68,21,77,29,109,76,72,107,7,9,181,37,71,25,32,34,92,55,96,104,0,0,67.3888888888889,0
"265",265,"VTP1",245,576,224,257,265,392,349,333,374,360,280,380,326,257,432,233,345,318,332,467,189,264,225,157,389,230,188,150,187,185,142,126,153,205,214,141,169,131,145,179,119,88,207,109,79,155,101,126,177,151,429,336,84,196,197,259,156,207,236,117,158,247,201,21,277,296,218,173,0,0,950,89,128,16,147,95,136,134,163,136,65,118,225,70,112,147,85,62,130,86,157,93,0,0,120.055555555556,0
"266",266,"VTPC",317,325,351,420,592,436,478,256,557,622,408,515,455,386,574,412,646,460,344,479,567,464,455,350,475,465,201,520,467,436,490,427,469,451,541,391,343,450,379,366,413,309,375,365,392,363,335,297,397,334,527,522,399,387,332,321,278,269,51,0,0,514,327,251,211,598,228,283,278,449,512,12,390,224,298,298,298,298,298,298,298,298,298,298,298,298,298,298,298,298,298,298,0,0,298,1
